-- phpMyAdmin SQL Dump
-- version 5.2.1
-- https://www.phpmyadmin.net/
--
-- Host: 127.0.0.1
-- Generation Time: Feb 16, 2025 at 03:50 PM
-- Server version: 10.4.32-MariaDB
-- PHP Version: 8.2.12

SET SQL_MODE = "NO_AUTO_VALUE_ON_ZERO";
START TRANSACTION;
SET time_zone = "+00:00";


/*!40101 SET @OLD_CHARACTER_SET_CLIENT=@@CHARACTER_SET_CLIENT */;
/*!40101 SET @OLD_CHARACTER_SET_RESULTS=@@CHARACTER_SET_RESULTS */;
/*!40101 SET @OLD_COLLATION_CONNECTION=@@COLLATION_CONNECTION */;
/*!40101 SET NAMES utf8mb4 */;

--
-- Database: `dasikita`
--

-- --------------------------------------------------------

--
-- Table structure for table `anggaran`
--

CREATE TABLE `anggaran` (
  `id` bigint(20) UNSIGNED NOT NULL,
  `program` varchar(255) NOT NULL,
  `kegiatan` varchar(255) NOT NULL,
  `sub_kegiatan` varchar(255) NOT NULL,
  `anggaran` decimal(15,2) NOT NULL,
  `komponen_belanja_khusus_stunting` varchar(255) NOT NULL,
  `created_at` timestamp NULL DEFAULT NULL,
  `updated_at` timestamp NULL DEFAULT NULL,
  `indikator_id` bigint(20) NOT NULL
) ENGINE=InnoDB DEFAULT CHARSET=utf8mb4 COLLATE=utf8mb4_unicode_ci;

--
-- Dumping data for table `anggaran`
--

INSERT INTO `anggaran` (`id`, `program`, `kegiatan`, `sub_kegiatan`, `anggaran`, `komponen_belanja_khusus_stunting`, `created_at`, `updated_at`, `indikator_id`) VALUES
(15, 'Program Pemberdayaan Masyarakat Bidang Kesehatan', 'Advokasi, Pemberdayaan, Kemitraan, Peningkatan Peran Serta Masyarakat dan Lintas Sektor Tingkat daerah Kabupaten/Kota', 'Dinas Kesehatan', 0.00, 'Belanja Makanan dan Minuman Rapat', '2025-02-09 05:44:37', '2025-02-09 05:44:37', 1),
(16, 'test', 'test', 'test', 1.00, 'test', '2025-02-16 00:19:06', '2025-02-16 00:19:06', 1),
(17, 'test', 'test', 'test', 1.00, 'test', '2025-02-16 00:21:46', '2025-02-16 00:21:46', 1),
(18, 'ss', 'sss', 'ss', 8.00, 'ss', '2025-02-16 00:56:28', '2025-02-16 00:56:28', 14),
(19, 'ee', 'eee', 'ee', 9.00, 'asdf', '2025-02-16 00:56:52', '2025-02-16 00:56:52', 3),
(22, 'fff', 'iii', 'asdf', 0.00, 'asdf', '2025-02-16 01:05:36', '2025-02-16 01:05:36', 2),
(23, 'asdf', 'asdf', 'asdf', 8.00, 'asdfasdf', '2025-02-16 01:06:54', '2025-02-16 01:06:54', 15),
(24, 'ttt', 'ttt', 'ttt', 4.00, 'ttt', '2025-02-16 01:07:29', '2025-02-16 01:16:00', 18);

-- --------------------------------------------------------

--
-- Table structure for table `datakec`
--

CREATE TABLE `datakec` (
  `id` bigint(20) UNSIGNED NOT NULL,
  `kecamatan_id` bigint(20) UNSIGNED NOT NULL,
  `indikator_id` bigint(20) UNSIGNED NOT NULL,
  `target_2023` decimal(10,2) NOT NULL,
  `pencapaian_2023` decimal(10,2) NOT NULL,
  `target_2024` decimal(10,2) NOT NULL,
  `pencapaian_2024` decimal(10,2) NOT NULL
) ENGINE=InnoDB DEFAULT CHARSET=utf8mb4 COLLATE=utf8mb4_unicode_ci;

-- --------------------------------------------------------

--
-- Table structure for table `datakecs`
--

CREATE TABLE `datakecs` (
  `id` bigint(20) UNSIGNED NOT NULL,
  `kecamatan_id` bigint(20) UNSIGNED NOT NULL,
  `indikator_id` bigint(20) UNSIGNED NOT NULL,
  `target_2023` decimal(10,2) DEFAULT NULL,
  `pencapaian_2023` decimal(10,2) DEFAULT NULL,
  `target_2024` decimal(10,2) DEFAULT NULL,
  `pencapaian_2024` decimal(10,2) DEFAULT NULL
) ENGINE=InnoDB DEFAULT CHARSET=utf8mb4 COLLATE=utf8mb4_unicode_ci;

--
-- Dumping data for table `datakecs`
--

INSERT INTO `datakecs` (`id`, `kecamatan_id`, `indikator_id`, `target_2023`, `pencapaian_2023`, `target_2024`, `pencapaian_2024`) VALUES
(61, 1, 1, 58.00, 96.70, NULL, 96.70),
(62, 2, 1, 58.00, 76.10, NULL, 76.10),
(63, 3, 1, 58.00, 58.30, NULL, 58.30),
(64, 4, 1, 58.00, 96.20, NULL, 96.20),
(65, 5, 1, 58.00, 74.30, NULL, 74.30),
(66, 6, 1, 58.00, 60.10, NULL, 60.10),
(67, 7, 1, 58.00, 91.20, NULL, 91.20),
(68, 8, 1, 58.00, 83.40, NULL, 83.40),
(69, 9, 1, 58.00, 63.10, NULL, 63.10),
(70, 10, 1, 58.00, 100.00, NULL, 100.00),
(71, 11, 1, 58.00, 89.50, NULL, 89.50),
(72, 12, 1, 58.00, 85.90, NULL, 85.90),
(73, 13, 1, 58.00, 86.30, NULL, 86.30),
(74, 14, 1, 58.00, 92.60, NULL, 92.60),
(75, 15, 1, 58.00, 100.00, NULL, 100.00),
(76, 16, 1, 58.00, 100.00, NULL, 100.00),
(77, 17, 1, 58.00, 100.00, NULL, 100.00),
(78, 18, 1, 58.00, 87.30, NULL, 87.30),
(79, 19, 1, 58.00, 80.10, NULL, 80.10),
(80, 20, 1, 58.00, 89.50, NULL, 89.50),
(81, 21, 1, 58.00, 36.70, NULL, 36.70),
(82, 22, 1, 58.00, 77.90, NULL, 77.90),
(83, 23, 1, 58.00, 100.00, NULL, 100.00),
(84, 24, 1, 58.00, 94.90, NULL, 94.90),
(85, 25, 1, 58.00, 85.50, NULL, 85.50),
(86, 26, 1, 58.00, 87.10, NULL, 87.10),
(87, 27, 1, 58.00, 88.20, NULL, 88.20),
(88, 28, 1, 58.00, 100.00, NULL, 100.00),
(89, 29, 1, 58.00, 77.70, NULL, 77.70),
(90, 30, 1, 58.00, 66.20, NULL, 66.20),
(149, 1, 3, 90.00, 100.00, NULL, 100.00),
(150, 2, 3, 90.00, 100.00, NULL, 100.00),
(151, 3, 3, 90.00, 100.00, NULL, 100.00),
(152, 4, 3, 90.00, 100.00, NULL, 100.00),
(153, 5, 3, 90.00, 100.00, NULL, 100.00),
(154, 6, 3, 90.00, 100.00, NULL, 100.00),
(155, 7, 3, 90.00, 100.00, NULL, 100.00),
(156, 8, 3, 90.00, 100.00, NULL, 100.00),
(157, 9, 3, 90.00, 100.00, NULL, 100.00),
(158, 10, 3, 90.00, 100.00, NULL, 100.00),
(159, 11, 3, 90.00, 100.00, NULL, 100.00),
(160, 12, 3, 90.00, 100.00, NULL, 100.00),
(161, 13, 3, 90.00, 100.00, NULL, 100.00),
(162, 14, 3, 90.00, 100.00, NULL, 100.00),
(163, 15, 3, 90.00, 100.00, NULL, 100.00),
(164, 16, 3, 90.00, 100.00, NULL, 100.00),
(165, 17, 3, 90.00, 100.00, NULL, 100.00),
(166, 18, 3, 90.00, 100.00, NULL, 100.00),
(167, 19, 3, 90.00, 100.00, NULL, 100.00),
(168, 20, 3, 90.00, 100.00, NULL, 100.00),
(169, 21, 3, 90.00, 100.00, NULL, 100.00),
(170, 22, 3, 90.00, 100.00, NULL, 100.00),
(171, 23, 3, 90.00, 100.00, NULL, 100.00),
(172, 24, 3, 90.00, 100.00, NULL, 100.00),
(173, 25, 3, 90.00, 100.00, NULL, 100.00),
(174, 26, 3, 90.00, 100.00, NULL, 100.00),
(175, 27, 3, 90.00, 100.00, NULL, 100.00),
(176, 28, 3, 90.00, 100.00, NULL, 100.00),
(177, 1, 3, 90.00, 100.00, NULL, 100.00),
(178, 2, 3, 90.00, 100.00, NULL, 100.00),
(179, 3, 3, 90.00, 100.00, NULL, 100.00),
(180, 4, 3, 90.00, 100.00, NULL, 100.00),
(181, 5, 3, 90.00, 100.00, NULL, 100.00),
(182, 6, 3, 90.00, 100.00, NULL, 100.00),
(183, 7, 3, 90.00, 100.00, NULL, 100.00),
(184, 8, 3, 90.00, 100.00, NULL, 100.00),
(185, 9, 3, 90.00, 100.00, NULL, 100.00),
(186, 10, 3, 90.00, 100.00, NULL, 100.00),
(187, 11, 3, 90.00, 100.00, NULL, 100.00),
(188, 12, 3, 90.00, 100.00, NULL, 100.00),
(189, 13, 3, 90.00, 100.00, NULL, 100.00),
(190, 14, 3, 90.00, 100.00, NULL, 100.00),
(191, 15, 3, 90.00, 100.00, NULL, 100.00),
(192, 16, 3, 90.00, 100.00, NULL, 100.00),
(193, 17, 3, 90.00, 100.00, NULL, 100.00),
(194, 18, 3, 90.00, 100.00, NULL, 100.00),
(195, 19, 3, 90.00, 100.00, NULL, 100.00),
(196, 20, 3, 90.00, 100.00, NULL, 100.00),
(197, 21, 3, 90.00, 100.00, NULL, 100.00),
(198, 22, 3, 90.00, 100.00, NULL, 100.00),
(199, 23, 3, 90.00, 100.00, NULL, 100.00),
(200, 24, 3, 90.00, 100.00, NULL, 100.00),
(201, 25, 3, 90.00, 100.00, NULL, 100.00),
(202, 26, 3, 90.00, 100.00, NULL, 100.00),
(203, 27, 3, 90.00, 100.00, NULL, 100.00),
(204, 28, 3, 90.00, 100.00, NULL, 100.00),
(205, 1, 3, 90.00, 100.00, NULL, 100.00),
(206, 2, 3, 90.00, 100.00, NULL, 100.00),
(207, 3, 3, 90.00, 100.00, NULL, 100.00),
(208, 4, 3, 90.00, 100.00, NULL, 100.00),
(209, 5, 3, 90.00, 100.00, NULL, 100.00),
(210, 6, 3, 90.00, 100.00, NULL, 100.00),
(211, 7, 3, 90.00, 100.00, NULL, 100.00),
(212, 8, 3, 90.00, 100.00, NULL, 100.00),
(213, 9, 3, 90.00, 100.00, NULL, 100.00),
(214, 10, 3, 90.00, 100.00, NULL, 100.00),
(215, 11, 3, 90.00, 100.00, NULL, 100.00),
(216, 12, 3, 90.00, 100.00, NULL, 100.00),
(217, 13, 3, 90.00, 100.00, NULL, 100.00),
(218, 14, 3, 90.00, 100.00, NULL, 100.00),
(219, 15, 3, 90.00, 100.00, NULL, 100.00),
(220, 16, 3, 90.00, 100.00, NULL, 100.00),
(221, 17, 3, 90.00, 100.00, NULL, 100.00),
(222, 18, 3, 90.00, 100.00, NULL, 100.00),
(223, 19, 3, 90.00, 100.00, NULL, 100.00),
(224, 20, 3, 90.00, 100.00, NULL, 100.00),
(225, 21, 3, 90.00, 100.00, NULL, 100.00),
(226, 22, 3, 90.00, 100.00, NULL, 100.00),
(227, 23, 3, 90.00, 100.00, NULL, 100.00),
(228, 24, 3, 90.00, 100.00, NULL, 100.00),
(229, 25, 3, 90.00, 100.00, NULL, 100.00),
(230, 26, 3, 90.00, 100.00, NULL, 100.00),
(231, 27, 3, 90.00, 100.00, NULL, 100.00),
(232, 28, 3, 90.00, 100.00, NULL, 100.00),
(233, 29, 3, 90.00, 100.00, NULL, 100.00),
(234, 30, 3, 90.00, 100.00, NULL, 100.00),
(235, 1, 4, 90.00, 68.90, NULL, 68.90),
(236, 2, 4, 90.00, 100.00, NULL, 100.00),
(237, 3, 4, 90.00, 100.00, NULL, 100.00),
(238, 4, 4, 90.00, 100.00, NULL, 100.00),
(239, 5, 4, 90.00, 100.00, NULL, 100.00),
(240, 6, 4, 90.00, 100.00, NULL, 100.00),
(241, 7, 4, 90.00, 100.00, NULL, 100.00),
(242, 8, 4, 90.00, 99.20, NULL, 99.20),
(243, 9, 4, 90.00, 100.00, NULL, 100.00),
(244, 10, 4, 90.00, 100.00, NULL, 100.00),
(245, 11, 4, 90.00, 100.00, NULL, 100.00),
(246, 12, 4, 90.00, 90.90, NULL, 90.90),
(247, 13, 4, 90.00, 69.10, NULL, 69.10),
(248, 14, 4, 90.00, 100.00, NULL, 100.00),
(249, 15, 4, 90.00, 100.00, NULL, 100.00),
(250, 16, 4, 90.00, 100.00, NULL, 100.00),
(251, 17, 4, 90.00, 100.00, NULL, 100.00),
(252, 18, 4, 90.00, 100.00, NULL, 100.00),
(253, 19, 4, 90.00, 100.00, NULL, 100.00),
(254, 20, 4, 90.00, 25.00, NULL, 25.00),
(255, 21, 4, 90.00, 100.00, NULL, 100.00),
(256, 22, 4, 90.00, 100.00, NULL, 100.00),
(257, 23, 4, 90.00, 100.00, NULL, 100.00),
(258, 24, 4, 90.00, 100.00, NULL, 100.00),
(259, 25, 4, 90.00, 100.00, NULL, 100.00),
(260, 26, 4, 90.00, 100.00, NULL, 100.00),
(261, 27, 4, 90.00, 75.00, NULL, 75.00),
(262, 28, 4, 90.00, 100.00, NULL, 100.00),
(263, 29, 4, 90.00, 100.00, NULL, 100.00),
(264, 30, 4, 90.00, 100.00, NULL, 100.00),
(265, 1, 5, 90.00, 100.00, NULL, 100.00),
(266, 2, 5, 90.00, 50.60, NULL, 50.60),
(267, 3, 5, 90.00, 68.90, NULL, 68.90),
(268, 4, 5, 90.00, 100.00, NULL, 100.00),
(269, 5, 5, 90.00, 76.80, NULL, 76.80),
(270, 6, 5, 90.00, 100.00, NULL, 100.00),
(271, 7, 5, 90.00, 100.00, NULL, 100.00),
(272, 8, 5, 90.00, 72.70, NULL, 72.70),
(273, 9, 5, 90.00, 100.00, NULL, 100.00),
(274, 10, 5, 90.00, 100.00, NULL, 100.00),
(275, 11, 5, 90.00, 100.00, NULL, 100.00),
(276, 12, 5, 90.00, 46.00, NULL, 46.00),
(277, 13, 5, 90.00, 100.00, NULL, 100.00),
(278, 14, 5, 90.00, 100.00, NULL, 100.00),
(279, 15, 5, 90.00, 49.90, NULL, 49.90),
(280, 16, 5, 90.00, 9.50, NULL, 9.50),
(281, 17, 5, 90.00, 100.00, NULL, 100.00),
(282, 18, 5, 90.00, 30.60, NULL, 30.60),
(283, 19, 5, 90.00, 100.00, NULL, 100.00),
(284, 20, 5, 90.00, 100.00, NULL, 100.00),
(285, 21, 5, 90.00, 100.00, NULL, 100.00),
(286, 22, 5, 90.00, 100.00, NULL, 100.00),
(287, 23, 5, 90.00, 100.00, NULL, 100.00),
(288, 24, 5, 90.00, 100.00, NULL, 100.00),
(289, 25, 5, 90.00, 100.00, NULL, 100.00),
(290, 26, 5, 90.00, 100.00, NULL, 100.00),
(291, 27, 5, 90.00, 100.00, NULL, 100.00),
(292, 28, 5, 90.00, 100.00, NULL, 100.00),
(293, 29, 5, 90.00, 100.00, NULL, 100.00),
(294, 30, 5, 90.00, 99.10, NULL, 99.10),
(295, 1, 6, 90.00, 100.00, NULL, 100.00),
(296, 2, 6, 90.00, 100.00, NULL, 100.00),
(297, 3, 6, 90.00, 50.60, NULL, 50.60),
(298, 4, 6, 90.00, 68.90, NULL, 68.90),
(299, 5, 6, 90.00, 100.00, NULL, 100.00),
(300, 6, 6, 90.00, 76.80, NULL, 76.80),
(301, 7, 6, 90.00, 100.00, NULL, 100.00),
(302, 8, 6, 90.00, 100.00, NULL, 100.00),
(303, 9, 6, 90.00, 72.70, NULL, 72.70),
(304, 10, 6, 90.00, 100.00, NULL, 100.00),
(305, 11, 6, 90.00, 100.00, NULL, 100.00),
(306, 12, 6, 90.00, 100.00, NULL, 100.00),
(307, 13, 6, 90.00, 46.00, NULL, 46.00),
(308, 14, 6, 90.00, 100.00, NULL, 100.00),
(309, 15, 6, 90.00, 100.00, NULL, 100.00),
(310, 16, 6, 90.00, 100.00, NULL, 100.00),
(311, 17, 6, 90.00, 49.90, NULL, 49.90),
(312, 18, 6, 90.00, 9.50, NULL, 9.50),
(313, 19, 6, 90.00, 100.00, NULL, 100.00),
(314, 20, 6, 90.00, 30.60, NULL, 30.60),
(315, 21, 6, 90.00, 100.00, NULL, 100.00),
(316, 22, 6, 90.00, 100.00, NULL, 100.00),
(317, 23, 6, 90.00, 100.00, NULL, 100.00),
(318, 24, 6, 90.00, 78.80, NULL, 78.80),
(319, 25, 6, 90.00, 100.00, NULL, 100.00),
(320, 26, 6, 90.00, 100.00, NULL, 100.00),
(321, 27, 6, 90.00, 48.60, NULL, 48.60),
(322, 28, 6, 90.00, 79.70, NULL, 79.70),
(323, 29, 6, 90.00, 100.00, NULL, 100.00),
(324, 30, 6, 90.00, 99.10, NULL, 99.10),
(325, 1, 7, 90.00, 16.30, NULL, 16.30),
(326, 2, 7, 90.00, 21.10, NULL, 21.10),
(327, 3, 7, 90.00, 21.90, NULL, 21.90),
(328, 4, 7, 90.00, 20.90, NULL, 20.90),
(329, 5, 7, 90.00, 12.60, NULL, 12.60),
(330, 6, 7, 90.00, 15.70, NULL, 15.70),
(331, 7, 7, 90.00, 14.60, NULL, 14.60),
(332, 8, 7, 90.00, 18.90, NULL, 18.90),
(333, 9, 7, 90.00, 15.50, NULL, 15.50),
(334, 10, 7, 90.00, 15.20, NULL, 15.20),
(335, 11, 7, 90.00, 15.60, NULL, 15.60),
(336, 12, 7, 90.00, 16.10, NULL, 16.10),
(337, 13, 7, 90.00, 16.30, NULL, 16.30),
(338, 14, 7, 90.00, 15.10, NULL, 15.10),
(339, 15, 7, 90.00, 15.10, NULL, 15.10),
(340, 16, 7, 90.00, 14.60, NULL, 14.60),
(341, 17, 7, 90.00, 14.10, NULL, 14.10),
(342, 18, 7, 90.00, 12.50, NULL, 12.50),
(343, 19, 7, 90.00, 14.10, NULL, 14.10),
(344, 20, 7, 90.00, 14.30, NULL, 14.30),
(345, 21, 7, 90.00, 9.60, NULL, 9.60),
(346, 22, 7, 90.00, 16.70, NULL, 16.70),
(347, 23, 7, 90.00, 16.80, NULL, 16.80),
(348, 24, 7, 90.00, 15.60, NULL, 15.60),
(349, 25, 7, 90.00, 11.20, NULL, 11.20),
(350, 26, 7, 90.00, 13.00, NULL, 13.00),
(351, 27, 7, 90.00, 17.50, NULL, 17.50),
(352, 28, 7, 90.00, 18.20, NULL, 18.20),
(353, 29, 7, 90.00, 16.20, NULL, 16.20),
(354, 30, 7, 90.00, 15.50, NULL, 15.50),
(355, 1, 8, 90.00, 26.20, NULL, 26.20),
(356, 2, 8, 90.00, 34.60, NULL, 34.60),
(357, 3, 8, 90.00, 37.00, NULL, 37.00),
(358, 4, 8, 90.00, 33.30, NULL, 33.30),
(359, 5, 8, 90.00, 21.70, NULL, 21.70),
(360, 6, 8, 90.00, 24.10, NULL, 24.10),
(361, 7, 8, 90.00, 24.70, NULL, 24.70),
(362, 8, 8, 90.00, 28.50, NULL, 28.50),
(363, 9, 8, 90.00, 26.30, NULL, 26.30),
(364, 10, 8, 90.00, 24.00, NULL, 24.00),
(365, 11, 8, 90.00, 24.00, NULL, 24.00),
(366, 12, 8, 90.00, 25.50, NULL, 25.50),
(367, 13, 8, 90.00, 26.10, NULL, 26.10),
(368, 14, 8, 90.00, 22.40, NULL, 22.40),
(369, 15, 8, 90.00, 26.60, NULL, 26.60),
(370, 16, 8, 90.00, 24.00, NULL, 24.00),
(371, 17, 8, 90.00, 23.40, NULL, 23.40),
(372, 18, 8, 90.00, 19.60, NULL, 19.60),
(373, 19, 8, 90.00, 24.20, NULL, 24.20),
(374, 20, 8, 90.00, 23.40, NULL, 23.40),
(375, 21, 8, 90.00, 21.30, NULL, 21.30),
(376, 22, 8, 90.00, 28.40, NULL, 28.40),
(377, 23, 8, 90.00, 27.60, NULL, 27.60),
(378, 24, 8, 90.00, 19.00, NULL, 19.00),
(379, 25, 8, 90.00, 17.40, NULL, 17.40),
(380, 26, 8, 90.00, 19.20, NULL, 19.20),
(381, 27, 8, 90.00, 29.50, NULL, 29.50),
(382, 28, 8, 90.00, 30.60, NULL, 30.60),
(383, 29, 8, 90.00, 27.20, NULL, 27.20),
(384, 30, 8, 90.00, 28.40, NULL, 28.40),
(385, 1, 9, 90.00, 100.00, NULL, 100.00),
(386, 2, 9, 90.00, 100.00, NULL, 100.00),
(387, 3, 9, 90.00, 100.00, NULL, 100.00),
(388, 4, 9, 90.00, 100.00, NULL, 100.00),
(389, 5, 9, 90.00, 100.00, NULL, 100.00),
(390, 6, 9, 90.00, 100.00, NULL, 100.00),
(391, 7, 9, 90.00, 100.00, NULL, 100.00),
(392, 8, 9, 90.00, 100.00, NULL, 100.00),
(393, 9, 9, 90.00, 100.00, NULL, 100.00),
(394, 10, 9, 90.00, 100.00, NULL, 100.00),
(395, 11, 9, 90.00, 100.00, NULL, 100.00),
(396, 12, 9, 90.00, 100.00, NULL, 100.00),
(397, 13, 9, 90.00, 100.00, NULL, 100.00),
(398, 14, 9, 90.00, 100.00, NULL, 100.00),
(399, 15, 9, 90.00, 100.00, NULL, 100.00),
(400, 16, 9, 90.00, 100.00, NULL, 100.00),
(401, 17, 9, 90.00, 100.00, NULL, 100.00),
(402, 18, 9, 90.00, 100.00, NULL, 100.00),
(403, 19, 9, 90.00, 100.00, NULL, 100.00),
(404, 20, 9, 90.00, 100.00, NULL, 100.00),
(405, 21, 9, 90.00, 100.00, NULL, 100.00),
(406, 22, 9, 90.00, 100.00, NULL, 100.00),
(407, 23, 9, 90.00, 100.00, NULL, 100.00),
(408, 24, 9, 90.00, 100.00, NULL, 100.00),
(409, 25, 9, 90.00, 100.00, NULL, 100.00),
(410, 26, 9, 90.00, 100.00, NULL, 100.00),
(411, 27, 9, 90.00, 100.00, NULL, 100.00),
(412, 28, 9, 90.00, 100.00, NULL, 100.00),
(413, 29, 9, 90.00, 100.00, NULL, 100.00),
(414, 30, 9, 90.00, 100.00, NULL, 100.00),
(415, 1, 10, 90.00, 0.00, NULL, 0.00),
(416, 2, 10, 90.00, 66.70, NULL, 66.70),
(417, 3, 10, 90.00, 60.00, NULL, 60.00),
(418, 4, 10, 90.00, 37.70, NULL, 37.70),
(419, 5, 10, 90.00, 19.80, NULL, 19.80),
(420, 6, 10, 90.00, 42.90, NULL, 42.90),
(421, 7, 10, 90.00, 30.80, NULL, 30.80),
(422, 8, 10, 90.00, 17.80, NULL, 17.80),
(423, 9, 10, 90.00, 23.00, NULL, 23.00),
(424, 10, 10, 90.00, 74.90, NULL, 74.90),
(425, 11, 10, 90.00, 25.00, NULL, 25.00),
(426, 12, 10, 90.00, 32.00, NULL, 32.00),
(427, 13, 10, 90.00, 50.00, NULL, 50.00),
(428, 14, 10, 90.00, 46.60, NULL, 46.60),
(429, 15, 10, 90.00, 25.00, NULL, 25.00),
(430, 16, 10, 90.00, 100.00, NULL, 100.00),
(431, 17, 10, 90.00, 94.70, NULL, 94.70),
(432, 18, 10, 90.00, 77.60, NULL, 77.60),
(433, 19, 10, 90.00, 15.80, NULL, 15.80),
(434, 20, 10, 90.00, 62.50, NULL, 62.50),
(435, 21, 10, 90.00, 25.00, NULL, 25.00),
(436, 22, 10, 90.00, 37.00, NULL, 37.00),
(437, 23, 10, 90.00, 25.00, NULL, 25.00),
(438, 24, 10, 90.00, 66.70, NULL, 66.70),
(439, 25, 10, 90.00, 22.90, NULL, 22.90),
(440, 26, 10, 90.00, 75.00, NULL, 75.00),
(441, 27, 10, 90.00, 39.40, NULL, 39.40),
(442, 28, 10, 90.00, 80.00, NULL, 80.00),
(443, 29, 10, 90.00, 0.00, NULL, 0.00),
(444, 30, 10, 90.00, 46.70, NULL, 46.70),
(445, 1, 11, 80.00, 100.00, NULL, 100.00),
(446, 2, 11, 80.00, 100.00, NULL, 100.00),
(447, 3, 11, 80.00, 100.00, NULL, 100.00),
(448, 4, 11, 80.00, 100.00, NULL, 100.00),
(449, 5, 11, 80.00, 100.00, NULL, 100.00),
(450, 6, 11, 80.00, 100.00, NULL, 100.00),
(451, 7, 11, 80.00, 100.00, NULL, 100.00),
(452, 8, 11, 80.00, 100.00, NULL, 100.00),
(453, 9, 11, 80.00, 98.70, NULL, 98.70),
(454, 10, 11, 80.00, 100.00, NULL, 100.00),
(455, 11, 11, 80.00, 100.00, NULL, 100.00),
(456, 12, 11, 80.00, 97.60, NULL, 97.60),
(457, 13, 11, 80.00, 99.60, NULL, 99.60),
(458, 14, 11, 80.00, 100.00, NULL, 100.00),
(459, 15, 11, 80.00, 100.00, NULL, 100.00),
(460, 16, 11, 80.00, 99.60, NULL, 99.60),
(461, 17, 11, 80.00, 99.70, NULL, 99.70),
(462, 18, 11, 80.00, 100.00, NULL, 100.00),
(463, 19, 11, 80.00, 98.50, NULL, 98.50),
(464, 20, 11, 80.00, 97.30, NULL, 97.30),
(465, 21, 11, 80.00, 100.00, NULL, 100.00),
(466, 22, 11, 80.00, 100.00, NULL, 100.00),
(467, 23, 11, 80.00, 100.00, NULL, 100.00),
(468, 24, 11, 80.00, 100.00, NULL, 100.00),
(469, 25, 11, 80.00, 100.00, NULL, 100.00),
(470, 26, 11, 80.00, 100.00, NULL, 100.00),
(471, 27, 11, 80.00, 100.00, NULL, 100.00),
(472, 28, 11, 80.00, 100.00, NULL, 100.00),
(473, 29, 11, 80.00, 100.00, NULL, 100.00),
(474, 30, 11, 80.00, 100.00, NULL, 100.00),
(475, 1, 12, 7.40, 12.70, NULL, 12.70),
(476, 2, 12, 7.40, 14.30, NULL, 14.30),
(477, 3, 12, 7.40, 18.00, NULL, 18.00),
(478, 4, 12, 7.40, 17.10, NULL, 17.10),
(479, 5, 12, 7.40, 18.90, NULL, 18.90),
(480, 6, 12, 7.40, 25.90, NULL, 25.90),
(481, 7, 12, 7.40, 18.30, NULL, 18.30),
(482, 8, 12, 7.40, 19.50, NULL, 19.50),
(483, 9, 12, 7.40, 12.30, NULL, 12.30),
(484, 10, 12, 7.40, 15.30, NULL, 15.30),
(485, 11, 12, 7.40, 10.40, NULL, 10.40),
(486, 12, 12, 7.40, 12.90, NULL, 12.90),
(487, 13, 12, 7.40, 13.30, NULL, 13.30),
(488, 14, 12, 7.40, 14.30, NULL, 14.30),
(489, 15, 12, 7.40, 46.40, NULL, 46.40),
(490, 16, 12, 7.40, 16.80, NULL, 16.80),
(491, 17, 12, 7.40, 20.60, NULL, 20.60),
(492, 18, 12, 7.40, 14.90, NULL, 14.90),
(493, 19, 12, 7.40, 17.80, NULL, 17.80),
(494, 20, 12, 7.40, 15.00, NULL, 15.00),
(495, 21, 12, 7.40, 22.10, NULL, 22.10),
(496, 22, 12, 7.40, 14.90, NULL, 14.90),
(497, 23, 12, 7.40, 16.50, NULL, 16.50),
(498, 24, 12, 7.40, 19.90, NULL, 19.90),
(499, 25, 12, 7.40, 22.00, NULL, 22.00),
(500, 26, 12, 7.40, 25.70, NULL, 25.70),
(501, 27, 12, 7.40, 22.80, NULL, 22.80),
(502, 28, 12, 7.40, 16.40, NULL, 16.40),
(503, 29, 12, 7.40, 11.60, NULL, 11.60),
(504, 30, 12, 7.40, 12.80, NULL, 12.80),
(505, 1, 13, 15.50, 10.70, NULL, 10.70),
(506, 2, 13, 15.50, 1.50, NULL, 1.50),
(507, 3, 13, 15.50, 2.10, NULL, 2.10),
(508, 4, 13, 15.50, 51.90, NULL, 51.90),
(509, 5, 13, 15.50, 13.70, NULL, 13.70),
(510, 6, 13, 15.50, 12.30, NULL, 12.30),
(511, 7, 13, 15.50, 64.30, NULL, 64.30),
(512, 8, 13, 15.50, 0.00, NULL, 0.00),
(513, 9, 13, 15.50, 0.00, NULL, 0.00),
(514, 10, 13, 15.50, 4.80, NULL, 4.80),
(515, 11, 13, 15.50, 19.80, NULL, 19.80),
(516, 12, 13, 15.50, 39.60, NULL, 39.60),
(517, 13, 13, 15.50, 0.00, NULL, 0.00),
(518, 14, 13, 15.50, 10.90, NULL, 10.90),
(519, 15, 13, 15.50, 3.00, NULL, 3.00),
(520, 16, 13, 15.50, 2.00, NULL, 2.00),
(521, 17, 13, 15.50, 5.10, NULL, 5.10),
(522, 18, 13, 15.50, 8.70, NULL, 8.70),
(523, 19, 13, 15.50, 0.00, NULL, 0.00),
(524, 20, 13, 15.50, 2.00, NULL, 2.00),
(525, 21, 13, 15.50, 0.00, NULL, 0.00),
(526, 22, 13, 15.50, 5.10, NULL, 5.10),
(527, 23, 13, 15.50, 0.00, NULL, 0.00),
(528, 24, 13, 15.50, 53.30, NULL, 53.30),
(529, 25, 13, 15.50, 0.00, NULL, 0.00),
(530, 26, 13, 15.50, 0.00, NULL, 0.00),
(531, 27, 13, 15.50, 5.60, NULL, 5.60),
(532, 28, 13, 15.50, 9.80, NULL, 9.80),
(533, 29, 13, 15.50, 8.00, NULL, 8.00),
(534, 30, 13, 15.50, 0.00, NULL, 0.00),
(535, 1, 14, 80.00, 74.40, NULL, 74.40),
(536, 2, 14, 80.00, 74.60, NULL, 74.60),
(537, 3, 14, 80.00, 65.10, NULL, 65.10),
(538, 4, 14, 80.00, 76.70, NULL, 76.70),
(539, 5, 14, 80.00, 82.40, NULL, 82.40),
(540, 6, 14, 80.00, 73.30, NULL, 73.30),
(541, 7, 14, 80.00, 75.80, NULL, 75.80),
(542, 8, 14, 80.00, 60.40, NULL, 60.40),
(543, 9, 14, 80.00, 92.60, NULL, 92.60),
(544, 10, 14, 80.00, 68.80, NULL, 68.80),
(545, 11, 14, 80.00, 80.10, NULL, 80.10),
(546, 12, 14, 80.00, 81.50, NULL, 81.50),
(547, 13, 14, 80.00, 41.10, NULL, 41.10),
(548, 14, 14, 80.00, 69.80, NULL, 69.80),
(549, 15, 14, 80.00, 82.00, NULL, 82.00),
(550, 16, 14, 80.00, 78.50, NULL, 78.50),
(551, 17, 14, 80.00, 90.10, NULL, 90.10),
(552, 18, 14, 80.00, 72.80, NULL, 72.80),
(553, 19, 14, 80.00, 65.00, NULL, 65.00),
(554, 20, 14, 80.00, 86.90, NULL, 86.90),
(555, 21, 14, 80.00, 99.10, NULL, 99.10),
(556, 22, 14, 80.00, 80.70, NULL, 80.70),
(557, 23, 14, 80.00, 93.40, NULL, 93.40),
(558, 24, 14, 80.00, 66.70, NULL, 66.70),
(559, 25, 14, 80.00, 77.20, NULL, 77.20),
(560, 26, 14, 80.00, 70.50, NULL, 70.50),
(561, 27, 14, 80.00, 69.20, NULL, 69.20),
(562, 28, 14, 80.00, 95.40, NULL, 95.40),
(563, 29, 14, 80.00, 73.80, NULL, 73.80),
(564, 30, 14, 80.00, 82.00, NULL, 82.00),
(565, 1, 15, 80.00, 100.00, NULL, 100.00),
(566, 2, 15, 80.00, 100.00, NULL, 100.00),
(567, 3, 15, 80.00, 100.00, NULL, 100.00),
(568, 4, 15, 80.00, 100.00, NULL, 100.00),
(569, 5, 15, 80.00, 100.00, NULL, 100.00),
(570, 6, 15, 80.00, 100.00, NULL, 100.00),
(571, 7, 15, 80.00, 100.00, NULL, 100.00),
(572, 8, 15, 80.00, 100.00, NULL, 100.00),
(573, 9, 15, 80.00, 100.00, NULL, 100.00),
(574, 10, 15, 80.00, 100.00, NULL, 100.00),
(575, 11, 15, 80.00, 100.00, NULL, 100.00),
(576, 12, 15, 80.00, 100.00, NULL, 100.00),
(577, 13, 15, 80.00, 100.00, NULL, 100.00),
(578, 14, 15, 80.00, 100.00, NULL, 100.00),
(579, 15, 15, 80.00, 100.00, NULL, 100.00),
(580, 16, 15, 80.00, 100.00, NULL, 100.00),
(581, 17, 15, 80.00, 100.00, NULL, 100.00),
(582, 18, 15, 80.00, 100.00, NULL, 100.00),
(583, 19, 15, 80.00, 100.00, NULL, 100.00),
(584, 20, 15, 80.00, 100.00, NULL, 100.00),
(585, 21, 15, 80.00, 100.00, NULL, 100.00),
(586, 22, 15, 80.00, 100.00, NULL, 100.00),
(587, 23, 15, 80.00, 100.00, NULL, 100.00),
(588, 24, 15, 80.00, 100.00, NULL, 100.00),
(589, 25, 15, 80.00, 100.00, NULL, 100.00),
(590, 26, 15, 80.00, 100.00, NULL, 100.00),
(591, 27, 15, 80.00, 100.00, NULL, 100.00),
(592, 28, 15, 80.00, 100.00, NULL, 100.00),
(593, 29, 15, 80.00, 100.00, NULL, 100.00),
(594, 30, 15, 80.00, 100.00, NULL, 100.00),
(595, 1, 16, 90.00, 100.00, NULL, 100.00),
(596, 2, 16, 90.00, 100.00, NULL, 100.00),
(597, 3, 16, 90.00, 100.00, NULL, 100.00),
(598, 4, 16, 90.00, 100.00, NULL, 100.00),
(599, 5, 16, 90.00, 100.00, NULL, 100.00),
(600, 6, 16, 90.00, 100.00, NULL, 100.00),
(601, 7, 16, 90.00, 100.00, NULL, 100.00),
(602, 8, 16, 90.00, 100.00, NULL, 100.00),
(603, 9, 16, 90.00, 100.00, NULL, 100.00),
(604, 10, 16, 90.00, 100.00, NULL, 100.00),
(605, 11, 16, 90.00, 100.00, NULL, 100.00),
(606, 12, 16, 90.00, 100.00, NULL, 100.00),
(607, 13, 16, 90.00, 100.00, NULL, 100.00),
(608, 14, 16, 90.00, 100.00, NULL, 100.00),
(609, 15, 16, 90.00, 100.00, NULL, 100.00),
(610, 16, 16, 90.00, 100.00, NULL, 100.00),
(611, 17, 16, 90.00, 100.00, NULL, 100.00),
(612, 18, 16, 90.00, 100.00, NULL, 100.00),
(613, 19, 16, 90.00, 100.00, NULL, 100.00),
(614, 20, 16, 90.00, 100.00, NULL, 100.00),
(615, 21, 16, 90.00, 100.00, NULL, 100.00),
(616, 22, 16, 90.00, 100.00, NULL, 100.00),
(617, 23, 16, 90.00, 100.00, NULL, 100.00),
(618, 24, 16, 90.00, 100.00, NULL, 100.00),
(619, 25, 16, 90.00, 100.00, NULL, 100.00),
(620, 26, 16, 90.00, 100.00, NULL, 100.00),
(621, 27, 16, 90.00, 100.00, NULL, 100.00),
(622, 28, 16, 90.00, 100.00, NULL, 100.00),
(623, 1, 17, 90.00, 88.70, NULL, 88.70),
(624, 2, 17, 90.00, 87.60, NULL, 87.60),
(625, 3, 17, 90.00, 96.30, NULL, 96.30),
(626, 4, 17, 90.00, 92.00, NULL, 92.00),
(627, 5, 17, 90.00, 84.10, NULL, 84.10),
(628, 6, 17, 90.00, 78.50, NULL, 78.50),
(629, 7, 17, 90.00, 84.90, NULL, 84.90),
(630, 8, 17, 90.00, 85.70, NULL, 85.70),
(631, 9, 17, 90.00, 77.10, NULL, 77.10),
(632, 10, 17, 90.00, 78.40, NULL, 78.40),
(633, 11, 17, 90.00, 94.90, NULL, 94.90),
(634, 12, 17, 90.00, 82.60, NULL, 82.60),
(635, 13, 17, 90.00, 56.50, NULL, 56.50),
(636, 14, 17, 90.00, 89.60, NULL, 89.60),
(637, 15, 17, 90.00, 100.00, NULL, 100.00),
(638, 16, 17, 90.00, 86.40, NULL, 86.40),
(639, 17, 17, 90.00, 94.30, NULL, 94.30),
(640, 18, 17, 90.00, 89.60, NULL, 89.60),
(641, 19, 17, 90.00, 78.70, NULL, 78.70),
(642, 20, 17, 90.00, 96.40, NULL, 96.40),
(643, 21, 17, 90.00, 65.60, NULL, 65.60),
(644, 22, 17, 90.00, 84.10, NULL, 84.10),
(645, 23, 17, 90.00, 91.70, NULL, 91.70),
(646, 24, 17, 90.00, 68.70, NULL, 68.70),
(647, 25, 17, 90.00, 85.60, NULL, 85.60),
(648, 26, 17, 90.00, 82.10, NULL, 82.10),
(649, 27, 17, 90.00, 81.80, NULL, 81.80),
(650, 28, 17, 90.00, 88.20, NULL, 88.20),
(651, 29, 17, 90.00, 86.70, NULL, 86.70),
(652, 30, 17, 90.00, 87.10, NULL, 87.10),
(653, 1, 17, 90.00, 88.70, NULL, 88.70),
(654, 2, 17, 90.00, 87.60, NULL, 87.60),
(655, 3, 17, 90.00, 96.30, NULL, 96.30),
(656, 4, 17, 90.00, 92.00, NULL, 92.00),
(657, 5, 17, 90.00, 84.10, NULL, 84.10),
(658, 6, 17, 90.00, 78.50, NULL, 78.50),
(659, 7, 17, 90.00, 84.90, NULL, 84.90),
(660, 8, 17, 90.00, 85.70, NULL, 85.70),
(661, 9, 17, 90.00, 77.10, NULL, 77.10),
(662, 10, 17, 90.00, 78.40, NULL, 78.40),
(663, 11, 17, 90.00, 94.90, NULL, 94.90),
(664, 12, 17, 90.00, 82.60, NULL, 82.60),
(665, 13, 17, 90.00, 56.50, NULL, 56.50),
(666, 14, 17, 90.00, 89.60, NULL, 89.60),
(667, 15, 17, 90.00, 100.00, NULL, 100.00),
(668, 16, 17, 90.00, 86.40, NULL, 86.40),
(669, 17, 17, 90.00, 94.30, NULL, 94.30),
(670, 18, 17, 90.00, 89.60, NULL, 89.60),
(671, 19, 17, 90.00, 78.70, NULL, 78.70),
(672, 20, 17, 90.00, 96.40, NULL, 96.40),
(673, 21, 17, 90.00, 65.60, NULL, 65.60),
(674, 22, 17, 90.00, 84.10, NULL, 84.10),
(675, 23, 17, 90.00, 91.70, NULL, 91.70),
(676, 24, 17, 90.00, 68.70, NULL, 68.70),
(677, 25, 17, 90.00, 85.60, NULL, 85.60),
(678, 26, 17, 90.00, 82.10, NULL, 82.10),
(679, 27, 17, 90.00, 81.80, NULL, 81.80),
(680, 28, 17, 90.00, 88.20, NULL, 88.20),
(681, 29, 17, 90.00, 86.70, NULL, 86.70),
(682, 30, 17, 90.00, 87.10, NULL, 87.10),
(683, 1, 16, 90.00, 100.00, NULL, 100.00),
(684, 2, 16, 90.00, 100.00, NULL, 100.00),
(685, 3, 16, 90.00, 100.00, NULL, 100.00),
(686, 4, 16, 90.00, 100.00, NULL, 100.00),
(687, 5, 16, 90.00, 100.00, NULL, 100.00),
(688, 6, 16, 90.00, 100.00, NULL, 100.00),
(689, 7, 16, 90.00, 100.00, NULL, 100.00),
(690, 8, 16, 90.00, 100.00, NULL, 100.00),
(691, 9, 16, 90.00, 100.00, NULL, 100.00),
(692, 10, 16, 90.00, 100.00, NULL, 100.00),
(693, 11, 16, 90.00, 100.00, NULL, 100.00),
(694, 12, 16, 90.00, 100.00, NULL, 100.00),
(695, 13, 16, 90.00, 100.00, NULL, 100.00),
(696, 14, 16, 90.00, 100.00, NULL, 100.00),
(697, 15, 16, 90.00, 100.00, NULL, 100.00),
(698, 16, 16, 90.00, 100.00, NULL, 100.00),
(699, 17, 16, 90.00, 100.00, NULL, 100.00),
(700, 18, 16, 90.00, 100.00, NULL, 100.00),
(701, 19, 16, 90.00, 100.00, NULL, 100.00),
(702, 20, 16, 90.00, 100.00, NULL, 100.00),
(703, 21, 16, 90.00, 100.00, NULL, 100.00),
(704, 22, 16, 90.00, 100.00, NULL, 100.00),
(705, 23, 16, 90.00, 100.00, NULL, 100.00),
(706, 24, 16, 90.00, 100.00, NULL, 100.00),
(707, 25, 16, 90.00, 100.00, NULL, 100.00),
(708, 26, 16, 90.00, 100.00, NULL, 100.00),
(709, 27, 16, 90.00, 100.00, NULL, 100.00),
(710, 28, 16, 90.00, 100.00, NULL, 100.00),
(711, 1, 16, 90.00, 100.00, NULL, 100.00),
(712, 2, 16, 90.00, 100.00, NULL, 100.00),
(713, 3, 16, 90.00, 100.00, NULL, 100.00),
(714, 4, 16, 90.00, 100.00, NULL, 100.00),
(715, 5, 16, 90.00, 100.00, NULL, 100.00),
(716, 6, 16, 90.00, 100.00, NULL, 100.00),
(717, 7, 16, 90.00, 100.00, NULL, 100.00),
(718, 8, 16, 90.00, 100.00, NULL, 100.00),
(719, 9, 16, 90.00, 100.00, NULL, 100.00),
(720, 10, 16, 90.00, 100.00, NULL, 100.00),
(721, 11, 16, 90.00, 100.00, NULL, 100.00),
(722, 12, 16, 90.00, 100.00, NULL, 100.00),
(723, 13, 16, 90.00, 100.00, NULL, 100.00),
(724, 14, 16, 90.00, 100.00, NULL, 100.00),
(725, 15, 16, 90.00, 100.00, NULL, 100.00),
(726, 16, 16, 90.00, 100.00, NULL, 100.00),
(727, 17, 16, 90.00, 100.00, NULL, 100.00),
(728, 18, 16, 90.00, 100.00, NULL, 100.00),
(729, 19, 16, 90.00, 100.00, NULL, 100.00),
(730, 20, 16, 90.00, 100.00, NULL, 100.00),
(731, 21, 16, 90.00, 100.00, NULL, 100.00),
(732, 22, 16, 90.00, 100.00, NULL, 100.00),
(733, 23, 16, 90.00, 100.00, NULL, 100.00),
(734, 24, 16, 90.00, 100.00, NULL, 100.00),
(735, 25, 16, 90.00, 100.00, NULL, 100.00),
(736, 26, 16, 90.00, 100.00, NULL, 100.00),
(737, 27, 16, 90.00, 100.00, NULL, 100.00),
(738, 28, 16, 90.00, 100.00, NULL, 100.00),
(739, 1, 18, 90.00, 25.00, NULL, 25.00),
(740, 2, 18, 90.00, 33.30, NULL, 33.30),
(741, 3, 18, 90.00, 40.00, NULL, 40.00),
(742, 4, 18, 90.00, 33.30, NULL, 33.30),
(743, 5, 18, 90.00, 0.00, NULL, 0.00),
(744, 6, 18, 90.00, 0.00, NULL, 0.00),
(745, 7, 18, 90.00, 8.60, NULL, 8.60),
(746, 8, 18, 90.00, 2.70, NULL, 2.70),
(747, 9, 18, 90.00, 4.80, NULL, 4.80),
(748, 10, 18, 90.00, 39.80, NULL, 39.80),
(749, 11, 18, 90.00, 0.00, NULL, 0.00),
(750, 12, 18, 90.00, 23.20, NULL, 23.20),
(751, 13, 18, 90.00, 6.30, NULL, 6.30),
(752, 14, 18, 90.00, 24.80, NULL, 24.80),
(753, 15, 18, 90.00, 0.00, NULL, 0.00),
(754, 16, 18, 90.00, 69.20, NULL, 69.20),
(755, 17, 18, 90.00, 54.10, NULL, 54.10),
(756, 18, 18, 90.00, 75.00, NULL, 75.00),
(757, 19, 18, 90.00, 17.20, NULL, 17.20),
(758, 20, 18, 90.00, 85.30, NULL, 85.30),
(759, 21, 18, 90.00, 25.00, NULL, 25.00),
(760, 22, 18, 90.00, 0.00, NULL, 0.00),
(761, 23, 18, 90.00, 83.30, NULL, 83.30),
(762, 24, 18, 90.00, 0.00, NULL, 0.00),
(763, 25, 18, 90.00, 53.60, NULL, 53.60),
(764, 26, 18, 90.00, 95.80, NULL, 95.80),
(765, 27, 18, 90.00, 24.00, NULL, 24.00),
(766, 28, 18, 90.00, 80.00, NULL, 80.00),
(767, 29, 18, 90.00, 0.00, NULL, 0.00),
(768, 30, 18, 90.00, 0.00, NULL, 0.00),
(769, 1, 19, 90.00, 95.70, NULL, 95.70),
(770, 2, 19, 90.00, 58.10, NULL, 58.10),
(771, 3, 19, 90.00, 62.00, NULL, 62.00),
(772, 4, 19, 90.00, 81.00, NULL, 81.00),
(773, 5, 19, 90.00, 74.70, NULL, 74.70),
(774, 6, 19, 90.00, 83.70, NULL, 83.70),
(775, 7, 19, 90.00, 90.10, NULL, 90.10),
(776, 8, 19, 90.00, 57.10, NULL, 57.10),
(777, 9, 19, 90.00, 53.00, NULL, 53.00),
(778, 10, 19, 90.00, 74.40, NULL, 74.40),
(779, 11, 19, 90.00, 73.00, NULL, 73.00),
(780, 12, 19, 90.00, 85.40, NULL, 85.40),
(781, 13, 19, 90.00, 74.40, NULL, 74.40),
(782, 14, 19, 90.00, 88.90, NULL, 88.90),
(783, 15, 19, 90.00, 93.20, NULL, 93.20),
(784, 16, 19, 90.00, 60.60, NULL, 60.60),
(785, 17, 19, 90.00, 78.60, NULL, 78.60),
(786, 18, 19, 90.00, 96.90, NULL, 96.90),
(787, 19, 19, 90.00, 63.80, NULL, 63.80),
(788, 20, 19, 90.00, 93.00, NULL, 93.00),
(789, 21, 19, 90.00, 49.00, NULL, 49.00),
(790, 22, 19, 90.00, 83.20, NULL, 83.20),
(791, 23, 19, 90.00, 94.10, NULL, 94.10),
(792, 24, 19, 90.00, 64.20, NULL, 64.20),
(793, 25, 19, 90.00, 62.70, NULL, 62.70),
(794, 26, 19, 90.00, 88.80, NULL, 88.80),
(795, 27, 19, 90.00, 76.00, NULL, 76.00),
(796, 28, 19, 90.00, 98.10, NULL, 98.10),
(797, 29, 19, 90.00, 92.80, NULL, 92.80),
(798, 30, 19, 90.00, 95.00, NULL, 95.00),
(799, 1, 20, 70.00, 100.00, NULL, 100.00),
(800, 2, 20, 70.00, 100.00, NULL, 100.00),
(801, 3, 20, 70.00, 100.00, NULL, 100.00),
(802, 4, 20, 70.00, 100.00, NULL, 100.00),
(803, 5, 20, 70.00, 100.00, NULL, 100.00),
(804, 6, 20, 70.00, 100.00, NULL, 100.00),
(805, 7, 20, 70.00, 100.00, NULL, 100.00),
(806, 8, 20, 70.00, 100.00, NULL, 100.00),
(807, 9, 20, 70.00, 100.00, NULL, 100.00),
(808, 10, 20, 70.00, 100.00, NULL, 100.00),
(809, 11, 20, 70.00, 100.00, NULL, 100.00),
(810, 12, 20, 70.00, 100.00, NULL, 100.00),
(811, 13, 20, 70.00, 100.00, NULL, 100.00),
(812, 14, 20, 70.00, 100.00, NULL, 100.00),
(813, 15, 20, 70.00, 100.00, NULL, 100.00),
(814, 16, 20, 70.00, 100.00, NULL, 100.00),
(815, 17, 20, 70.00, 100.00, NULL, 100.00),
(816, 18, 20, 70.00, 100.00, NULL, 100.00),
(817, 19, 20, 70.00, 100.00, NULL, 100.00),
(818, 20, 20, 70.00, 100.00, NULL, 100.00),
(819, 21, 20, 70.00, 100.00, NULL, 100.00),
(820, 22, 20, 70.00, 100.00, NULL, 100.00),
(821, 23, 20, 70.00, 100.00, NULL, 100.00),
(822, 24, 20, 70.00, 100.00, NULL, 100.00),
(823, 25, 20, 70.00, 100.00, NULL, 100.00),
(824, 26, 20, 70.00, 100.00, NULL, 100.00),
(825, 27, 20, 70.00, 100.00, NULL, 100.00),
(826, 28, 20, 70.00, 100.00, NULL, 100.00),
(827, 29, 20, 70.00, 100.00, NULL, 100.00),
(828, 30, 20, 70.00, 100.00, NULL, 100.00),
(829, 1, 21, 90.00, 58.30, NULL, 58.30),
(830, 2, 21, 90.00, 72.60, NULL, 72.60),
(831, 3, 21, 90.00, 56.20, NULL, 56.20),
(832, 4, 21, 90.00, 52.10, NULL, 52.10),
(833, 5, 21, 90.00, 57.50, NULL, 57.50),
(834, 6, 21, 90.00, 80.60, NULL, 80.60),
(835, 7, 21, 90.00, 81.20, NULL, 81.20),
(836, 8, 21, 90.00, 66.30, NULL, 66.30),
(837, 9, 21, 90.00, 87.50, NULL, 87.50),
(838, 10, 21, 90.00, 83.50, NULL, 83.50),
(839, 11, 21, 90.00, 81.70, NULL, 81.70),
(840, 12, 21, 90.00, 60.80, NULL, 60.80),
(841, 13, 21, 90.00, 88.90, NULL, 88.90),
(842, 14, 21, 90.00, 72.80, NULL, 72.80),
(843, 15, 21, 90.00, 69.90, NULL, 69.90),
(844, 16, 21, 90.00, 85.10, NULL, 85.10),
(845, 17, 21, 90.00, 87.20, NULL, 87.20),
(846, 18, 21, 90.00, 82.70, NULL, 82.70),
(847, 19, 21, 90.00, 71.80, NULL, 71.80),
(848, 20, 21, 90.00, 64.80, NULL, 64.80),
(849, 21, 21, 90.00, 72.00, NULL, 72.00),
(850, 22, 21, 90.00, 15.40, NULL, 15.40),
(851, 23, 21, 90.00, 60.20, NULL, 60.20),
(852, 24, 21, 90.00, 68.00, NULL, 68.00),
(853, 25, 21, 90.00, 88.00, NULL, 88.00),
(854, 26, 21, 90.00, 85.50, NULL, 85.50),
(855, 27, 21, 90.00, 60.80, NULL, 60.80),
(856, 28, 21, 90.00, 82.30, NULL, 82.30),
(857, 29, 21, 90.00, 78.00, NULL, 78.00),
(858, 30, 21, 90.00, 49.10, NULL, 49.10),
(859, 1, 22, 70.00, 100.00, NULL, 100.00),
(860, 2, 22, 70.00, 100.00, NULL, 100.00),
(861, 3, 22, 70.00, 100.00, NULL, 100.00),
(862, 4, 22, 70.00, 100.00, NULL, 100.00),
(863, 5, 22, 70.00, 100.00, NULL, 100.00),
(864, 6, 22, 70.00, 100.00, NULL, 100.00),
(865, 7, 22, 70.00, 100.00, NULL, 100.00),
(866, 8, 22, 70.00, 100.00, NULL, 100.00),
(867, 9, 22, 70.00, 100.00, NULL, 100.00),
(868, 10, 22, 70.00, 100.00, NULL, 100.00),
(869, 11, 22, 70.00, 100.00, NULL, 100.00),
(870, 12, 22, 70.00, 100.00, NULL, 100.00),
(871, 13, 22, 70.00, 100.00, NULL, 100.00),
(872, 14, 22, 70.00, 100.00, NULL, 100.00),
(873, 15, 22, 70.00, 100.00, NULL, 100.00),
(874, 16, 22, 70.00, 100.00, NULL, 100.00),
(875, 17, 22, 70.00, 100.00, NULL, 100.00),
(876, 18, 22, 70.00, 100.00, NULL, 100.00),
(877, 19, 22, 70.00, 100.00, NULL, 100.00),
(878, 20, 22, 70.00, 100.00, NULL, 100.00),
(879, 21, 22, 70.00, 100.00, NULL, 100.00),
(880, 22, 22, 70.00, 100.00, NULL, 100.00),
(881, 23, 22, 70.00, 100.00, NULL, 100.00),
(882, 24, 22, 70.00, 100.00, NULL, 100.00),
(883, 25, 22, 70.00, 100.00, NULL, 100.00),
(884, 26, 22, 70.00, 100.00, NULL, 100.00),
(885, 27, 22, 70.00, 100.00, NULL, 100.00),
(886, 28, 22, 70.00, 100.00, NULL, 100.00),
(887, 29, 22, 70.00, 100.00, NULL, 100.00),
(888, 30, 22, 70.00, 100.00, NULL, 100.00),
(889, 1, 23, 90.00, 77.20, NULL, 77.20),
(890, 2, 23, 90.00, 80.00, NULL, 80.00),
(891, 3, 23, 90.00, 89.70, NULL, 89.70),
(892, 4, 23, 90.00, 77.90, NULL, 77.90),
(893, 5, 23, 90.00, 70.60, NULL, 70.60),
(894, 6, 23, 90.00, 73.10, NULL, 73.10),
(895, 7, 23, 90.00, 84.80, NULL, 84.80),
(896, 8, 23, 90.00, 70.30, NULL, 70.30),
(897, 9, 23, 90.00, 96.20, NULL, 96.20),
(898, 10, 23, 90.00, 98.30, NULL, 98.30),
(899, 11, 23, 90.00, 76.70, NULL, 76.70),
(900, 12, 23, 90.00, 97.70, NULL, 97.70),
(901, 13, 23, 90.00, 87.90, NULL, 87.90),
(902, 14, 23, 90.00, 83.30, NULL, 83.30),
(903, 15, 23, 90.00, 62.70, NULL, 62.70),
(904, 16, 23, 90.00, 86.60, NULL, 86.60),
(905, 17, 23, 90.00, 94.80, NULL, 94.80),
(906, 18, 23, 90.00, 88.20, NULL, 88.20),
(907, 19, 23, 90.00, 94.90, NULL, 94.90),
(908, 20, 23, 90.00, 81.70, NULL, 81.70),
(909, 21, 23, 90.00, 80.20, NULL, 80.20),
(910, 22, 23, 90.00, 76.60, NULL, 76.60),
(911, 23, 23, 90.00, 86.00, NULL, 86.00),
(912, 24, 23, 90.00, 100.00, NULL, 100.00),
(913, 25, 23, 90.00, 100.00, NULL, 100.00),
(914, 26, 23, 90.00, 83.50, NULL, 83.50),
(915, 27, 23, 90.00, 88.10, NULL, 88.10),
(916, 28, 23, 90.00, 94.00, NULL, 94.00),
(917, 29, 23, 90.00, 85.90, NULL, 85.90),
(918, 30, 23, 90.00, 53.20, NULL, 53.20),
(978, 1, 2, 90.00, 100.00, NULL, 100.00),
(979, 2, 2, 90.00, 100.00, NULL, 100.00),
(980, 3, 2, 90.00, 60.00, NULL, 60.00),
(981, 4, 2, 90.00, 100.00, NULL, 100.00),
(982, 5, 2, 90.00, 100.00, NULL, 100.00),
(983, 6, 2, 90.00, 100.00, NULL, 100.00),
(984, 7, 2, 90.00, 100.00, NULL, 100.00),
(985, 8, 2, 90.00, 50.00, NULL, 50.00),
(986, 9, 2, 90.00, 100.00, NULL, 100.00),
(987, 10, 2, 90.00, 100.00, NULL, 100.00),
(988, 11, 2, 90.00, 100.00, NULL, 100.00),
(989, 12, 2, 90.00, 100.00, NULL, 100.00),
(990, 13, 2, 90.00, 100.00, NULL, 100.00),
(991, 14, 2, 90.00, 100.00, NULL, 100.00),
(992, 15, 2, 90.00, 100.00, NULL, 100.00),
(993, 16, 2, 90.00, 100.00, NULL, 100.00),
(994, 17, 2, 90.00, 75.00, NULL, 75.00),
(995, 18, 2, 90.00, 100.00, NULL, 100.00),
(996, 19, 2, 90.00, 100.00, NULL, 100.00),
(997, 20, 2, 90.00, 100.00, NULL, 100.00),
(998, 21, 2, 90.00, 25.00, NULL, 25.00),
(999, 22, 2, 90.00, 100.00, NULL, 100.00),
(1000, 23, 2, 90.00, 100.00, NULL, 100.00),
(1001, 24, 2, 90.00, 100.00, NULL, 100.00),
(1002, 25, 2, 90.00, 100.00, NULL, 100.00),
(1003, 26, 2, 90.00, 100.00, NULL, 100.00),
(1004, 27, 2, 90.00, 100.00, NULL, 100.00),
(1005, 28, 2, 90.00, 100.00, NULL, 100.00),
(1006, 29, 2, 90.00, 75.00, NULL, 75.00),
(1007, 1, 24, 90.00, 100.00, NULL, 100.00),
(1008, 2, 24, 90.00, 100.00, NULL, 100.00),
(1009, 3, 24, 90.00, 100.00, NULL, 100.00),
(1010, 4, 24, 90.00, 100.00, NULL, 100.00),
(1011, 5, 24, 90.00, 100.00, NULL, 100.00),
(1012, 6, 24, 90.00, 100.00, NULL, 100.00),
(1013, 7, 24, 90.00, 100.00, NULL, 100.00),
(1014, 8, 24, 90.00, 100.00, NULL, 100.00),
(1015, 9, 24, 90.00, 100.00, NULL, 100.00),
(1016, 10, 24, 90.00, 100.00, NULL, 100.00),
(1017, 11, 24, 90.00, 100.00, NULL, 100.00),
(1018, 12, 24, 90.00, 100.00, NULL, 100.00),
(1019, 13, 24, 90.00, 100.00, NULL, 100.00),
(1020, 14, 24, 90.00, 100.00, NULL, 100.00),
(1021, 15, 24, 90.00, 100.00, NULL, 100.00),
(1022, 16, 24, 90.00, 100.00, NULL, 100.00),
(1023, 17, 24, 90.00, 100.00, NULL, 100.00),
(1024, 18, 24, 90.00, 100.00, NULL, 100.00),
(1025, 19, 24, 90.00, 100.00, NULL, 100.00),
(1026, 20, 24, 90.00, 100.00, NULL, 100.00),
(1027, 21, 24, 90.00, 100.00, NULL, 100.00),
(1028, 22, 24, 90.00, 100.00, NULL, 100.00),
(1029, 23, 24, 90.00, 100.00, NULL, 100.00),
(1030, 24, 24, 90.00, 100.00, NULL, 100.00),
(1031, 25, 24, 90.00, 100.00, NULL, 100.00),
(1032, 26, 24, 90.00, 100.00, NULL, 100.00),
(1033, 27, 24, 90.00, 100.00, NULL, 100.00),
(1034, 28, 24, 90.00, 100.00, NULL, 100.00),
(1035, 29, 24, 90.00, 100.00, NULL, 100.00),
(1036, 30, 24, 90.00, 100.00, NULL, 100.00),
(1037, 1, 25, 100.00, 48.40, NULL, 48.40),
(1038, 2, 25, 100.00, 45.10, NULL, 45.10),
(1039, 3, 25, 100.00, 17.10, NULL, 17.10),
(1040, 4, 25, 100.00, 64.80, NULL, 64.80),
(1041, 5, 25, 100.00, 77.90, NULL, 77.90),
(1042, 6, 25, 100.00, 77.20, NULL, 77.20),
(1043, 7, 25, 100.00, 69.10, NULL, 69.10),
(1044, 8, 25, 100.00, 91.70, NULL, 91.70),
(1045, 9, 25, 100.00, 68.50, NULL, 68.50),
(1046, 10, 25, 100.00, 64.00, NULL, 64.00),
(1047, 11, 25, 100.00, 100.00, NULL, 100.00),
(1048, 12, 25, 100.00, 85.50, NULL, 85.50),
(1049, 13, 25, 100.00, 68.20, NULL, 68.20),
(1050, 14, 25, 100.00, 61.40, NULL, 61.40),
(1051, 15, 25, 100.00, 80.60, NULL, 80.60),
(1052, 16, 25, 100.00, 100.00, NULL, 100.00),
(1053, 17, 25, 100.00, 100.00, NULL, 100.00),
(1054, 18, 25, 100.00, 79.90, NULL, 79.90),
(1055, 19, 25, 100.00, 44.20, NULL, 44.20),
(1056, 20, 25, 100.00, 48.70, NULL, 48.70),
(1057, 21, 25, 100.00, 63.50, NULL, 63.50),
(1058, 22, 25, 100.00, 24.30, NULL, 24.30),
(1059, 23, 25, 100.00, 79.20, NULL, 79.20),
(1060, 24, 25, 100.00, 56.40, NULL, 56.40),
(1061, 25, 25, 100.00, 77.50, NULL, 77.50),
(1062, 26, 25, 100.00, 74.30, NULL, 74.30),
(1063, 27, 25, 100.00, 62.30, NULL, 62.30),
(1064, 28, 25, 100.00, 59.10, NULL, 59.10),
(1065, 29, 25, 100.00, 74.80, NULL, 74.80),
(1066, 30, 25, 100.00, 42.80, NULL, 42.80),
(1067, 1, 26, 90.00, 93.50, NULL, 93.50),
(1068, 2, 26, 90.00, 89.20, NULL, 89.20),
(1069, 3, 26, 90.00, 92.50, NULL, 92.50),
(1070, 4, 26, 90.00, 95.90, NULL, 95.90),
(1071, 5, 26, 90.00, 94.20, NULL, 94.20),
(1072, 6, 26, 90.00, 93.50, NULL, 93.50),
(1073, 7, 26, 90.00, 95.10, NULL, 95.10),
(1074, 8, 26, 90.00, 92.90, NULL, 92.90),
(1075, 9, 26, 90.00, 95.00, NULL, 95.00),
(1076, 10, 26, 90.00, 94.50, NULL, 94.50),
(1077, 11, 26, 90.00, 96.70, NULL, 96.70),
(1078, 12, 26, 90.00, 91.90, NULL, 91.90),
(1079, 13, 26, 90.00, 93.40, NULL, 93.40),
(1080, 14, 26, 90.00, 93.30, NULL, 93.30),
(1081, 15, 26, 90.00, 92.30, NULL, 92.30),
(1082, 16, 26, 90.00, 94.40, NULL, 94.40),
(1083, 17, 26, 90.00, 96.50, NULL, 96.50),
(1084, 18, 26, 90.00, 92.50, NULL, 92.50),
(1085, 19, 26, 90.00, 92.90, NULL, 92.90),
(1086, 20, 26, 90.00, 93.20, NULL, 93.20),
(1087, 21, 26, 90.00, 93.10, NULL, 93.10),
(1088, 22, 26, 90.00, 90.90, NULL, 90.90),
(1089, 23, 26, 90.00, 92.80, NULL, 92.80),
(1090, 24, 26, 90.00, 95.80, NULL, 95.80),
(1091, 25, 26, 90.00, 92.10, NULL, 92.10),
(1092, 26, 26, 90.00, 93.50, NULL, 93.50),
(1093, 27, 26, 90.00, 95.60, NULL, 95.60),
(1094, 28, 26, 90.00, 92.60, NULL, 92.60),
(1095, 29, 26, 90.00, 94.00, NULL, 94.00),
(1096, 30, 26, 90.00, 96.70, NULL, 96.70),
(1097, 1, 27, 90.00, 95.60, NULL, 95.60),
(1098, 2, 27, 90.00, 84.30, NULL, 84.30),
(1099, 3, 27, 90.00, 98.10, NULL, 98.10),
(1100, 4, 27, 90.00, 93.60, NULL, 93.60),
(1101, 5, 27, 90.00, 96.60, NULL, 96.60),
(1102, 6, 27, 90.00, 100.00, NULL, 100.00),
(1103, 7, 27, 90.00, 97.00, NULL, 97.00),
(1104, 8, 27, 90.00, 98.20, NULL, 98.20),
(1105, 9, 27, 90.00, 83.20, NULL, 83.20),
(1106, 10, 27, 90.00, 81.40, NULL, 81.40),
(1107, 11, 27, 90.00, 68.20, NULL, 68.20),
(1108, 12, 27, 90.00, 76.00, NULL, 76.00),
(1109, 13, 27, 90.00, 77.00, NULL, 77.00),
(1110, 14, 27, 90.00, 70.00, NULL, 70.00),
(1111, 15, 27, 90.00, 78.70, NULL, 78.70),
(1112, 16, 27, 90.00, 77.80, NULL, 77.80),
(1113, 17, 27, 90.00, 100.00, NULL, 100.00),
(1114, 18, 27, 90.00, 74.20, NULL, 74.20),
(1115, 19, 27, 90.00, 95.30, NULL, 95.30),
(1116, 20, 27, 90.00, 95.40, NULL, 95.40),
(1117, 21, 27, 90.00, 98.00, NULL, 98.00),
(1118, 22, 27, 90.00, 94.80, NULL, 94.80),
(1119, 23, 27, 90.00, 89.20, NULL, 89.20),
(1120, 24, 27, 90.00, 95.50, NULL, 95.50),
(1121, 25, 27, 90.00, 97.00, NULL, 97.00),
(1122, 26, 27, 90.00, 85.60, NULL, 85.60),
(1123, 27, 27, 90.00, 79.50, NULL, 79.50),
(1124, 28, 27, 90.00, 74.00, NULL, 74.00),
(1125, 29, 27, 90.00, 71.00, NULL, 71.00),
(1126, 30, 27, 90.00, 59.50, NULL, 59.50),
(1127, 1, 28, 90.00, 98.20, NULL, 98.20),
(1128, 2, 28, 90.00, 97.00, NULL, 97.00),
(1129, 3, 28, 90.00, 82.00, NULL, 82.00),
(1130, 4, 28, 90.00, 92.40, NULL, 92.40),
(1131, 5, 28, 90.00, 91.80, NULL, 91.80),
(1132, 6, 28, 90.00, 92.90, NULL, 92.90),
(1133, 7, 28, 90.00, 92.60, NULL, 92.60),
(1134, 8, 28, 90.00, 90.70, NULL, 90.70),
(1135, 9, 28, 90.00, 88.70, NULL, 88.70),
(1136, 10, 28, 90.00, 91.20, NULL, 91.20),
(1137, 11, 28, 90.00, 85.20, NULL, 85.20),
(1138, 12, 28, 90.00, 94.10, NULL, 94.10),
(1139, 13, 28, 90.00, 92.80, NULL, 92.80),
(1140, 14, 28, 90.00, 95.30, NULL, 95.30),
(1141, 15, 28, 90.00, 92.20, NULL, 92.20),
(1142, 16, 28, 90.00, 84.50, NULL, 84.50),
(1143, 17, 28, 90.00, 94.40, NULL, 94.40),
(1144, 18, 28, 90.00, 86.20, NULL, 86.20),
(1145, 19, 28, 90.00, 82.20, NULL, 82.20),
(1146, 20, 28, 90.00, 93.80, NULL, 93.80),
(1147, 21, 28, 90.00, 80.40, NULL, 80.40),
(1148, 22, 28, 90.00, 89.20, NULL, 89.20),
(1149, 23, 28, 90.00, 89.90, NULL, 89.90),
(1150, 24, 28, 90.00, 79.60, NULL, 79.60),
(1151, 25, 28, 90.00, 81.10, NULL, 81.10),
(1152, 26, 28, 90.00, 84.40, NULL, 84.40),
(1153, 27, 28, 90.00, 89.20, NULL, 89.20),
(1154, 28, 28, 90.00, 83.30, NULL, 83.30),
(1155, 29, 28, 90.00, 86.20, NULL, 86.20),
(1156, 30, 28, 90.00, 54.30, NULL, 54.30),
(1281, 1, 29, 90.00, 100.00, NULL, 100.00),
(1282, 2, 29, 90.00, 100.00, NULL, 100.00),
(1283, 3, 29, 90.00, 100.00, NULL, 100.00),
(1284, 4, 29, 90.00, 100.00, NULL, 100.00),
(1285, 5, 29, 90.00, 100.00, NULL, 100.00),
(1286, 6, 29, 90.00, 100.00, NULL, 100.00),
(1287, 7, 29, 90.00, 100.00, NULL, 100.00),
(1288, 8, 29, 90.00, 100.00, NULL, 100.00),
(1289, 9, 29, 90.00, 100.00, NULL, 100.00),
(1290, 10, 29, 90.00, 100.00, NULL, 100.00),
(1291, 11, 29, 90.00, 100.00, NULL, 100.00),
(1292, 12, 29, 90.00, 100.00, NULL, 100.00),
(1293, 13, 29, 90.00, 100.00, NULL, 100.00),
(1294, 14, 29, 90.00, 100.00, NULL, 100.00),
(1295, 15, 29, 90.00, 100.00, NULL, 100.00),
(1296, 16, 29, 90.00, 100.00, NULL, 100.00),
(1297, 17, 29, 90.00, 100.00, NULL, 100.00),
(1298, 18, 29, 90.00, 100.00, NULL, 100.00),
(1299, 19, 29, 90.00, 100.00, NULL, 100.00),
(1300, 20, 29, 90.00, 100.00, NULL, 100.00),
(1301, 21, 29, 90.00, 100.00, NULL, 100.00),
(1302, 22, 29, 90.00, 100.00, NULL, 100.00),
(1303, 23, 29, 90.00, 100.00, NULL, 100.00),
(1304, 24, 29, 90.00, 100.00, NULL, 100.00),
(1305, 25, 29, 90.00, 100.00, NULL, 100.00),
(1306, 26, 29, 90.00, 100.00, NULL, 100.00),
(1307, 27, 29, 90.00, 100.00, NULL, 100.00),
(1308, 28, 29, 90.00, 100.00, NULL, 100.00),
(1309, 29, 29, 90.00, 100.00, NULL, 100.00),
(1310, 30, 29, 90.00, 100.00, NULL, 100.00),
(1311, 31, 29, 90.00, 100.00, NULL, 100.00);

-- --------------------------------------------------------

--
-- Table structure for table `data_models`
--

CREATE TABLE `data_models` (
  `id` int(11) NOT NULL,
  `kategori` varchar(255) NOT NULL,
  `jumlah` int(11) NOT NULL
) ENGINE=InnoDB DEFAULT CHARSET=utf8mb4 COLLATE=utf8mb4_general_ci;

--
-- Dumping data for table `data_models`
--

INSERT INTO `data_models` (`id`, `kategori`, `jumlah`) VALUES
(1, 'Kategori 1', 10),
(2, 'Kategori 2', 20),
(3, 'Kategori 3', 30),
(4, 'Kategori 4', 40),
(5, 'Kategori 5', 50);

-- --------------------------------------------------------

--
-- Table structure for table `indikators`
--

CREATE TABLE `indikators` (
  `id` bigint(20) UNSIGNED NOT NULL,
  `nama_indikator` varchar(255) NOT NULL,
  `created_at` timestamp NULL DEFAULT NULL,
  `updated_at` timestamp NULL DEFAULT NULL
) ENGINE=InnoDB DEFAULT CHARSET=utf8mb4 COLLATE=utf8mb4_unicode_ci;

--
-- Dumping data for table `indikators`
--

INSERT INTO `indikators` (`id`, `nama_indikator`, `created_at`, `updated_at`) VALUES
(1, 'Remaja putri yang mengonsumsi Tablet Tambah Darah (TTD)', '2024-12-07 08:12:09', '2024-12-07 08:12:09'),
(2, 'Remaja putri yang menerima layanan pemeriksaan status anemia (hemoglobin)', '2024-12-07 08:12:09', '2024-12-07 08:12:09'),
(3, 'Calon pengantin /calon ibu yang menerima Tablet Tambah Darah (TTD)', '2024-12-07 08:12:09', '2024-12-07 08:12:09'),
(4, 'Calon pasangan usia subur (PUS) yang memperoleh pemeriksaan kesehatan sebagai bagian dari pelayanan nikah', '2024-12-07 08:12:09', '2024-12-07 08:12:09'),
(5, 'Cakupan calon Pasangan Usia Subur (PUS) yang menerima pendampingan kesehatan reproduksi dan edukasi gizi sejak 3 bulan pranikah', '2024-12-07 08:12:09', '2024-12-07 08:12:09'),
(6, 'Pasangan calon pengantin yang mendapatkan bimbingan perkawinan dengan materi pencegahan stunting', '2024-12-07 08:12:09', '2024-12-07 08:12:09'),
(7, 'Pasangan Usia Subur (PUS) dengan status miskin dan penyandang masalah kesejahteraan sosial yang menerima bantuan tunai bersyarat', '2024-12-07 08:12:09', '2024-12-07 08:12:09'),
(8, 'Cakupan Pasangan Usia Subur (PUS) dengan status miskin dan penyandang masalah kesejahteraan sosial yang menerima bantuan pangan nontunai', '2024-12-07 08:12:09', '2024-12-07 08:12:09'),
(9, 'Cakupan Pasangan Usia Subur (PUS) fakir miskin dan orang tidak mampu yang menjadi Penerima Bantuan Iuran (PBI) Jaminan Kesehatan', '2024-12-07 08:12:09', '2024-12-07 08:12:09'),
(10, 'Ibu hamil Kurang Energi Kronik (KEK) yang mendapatkan tambahan asupan gizi', '2024-12-07 08:12:09', '2024-12-07 08:12:09'),
(11, 'Ibu hamil yang mengonsumsi Tablet Tambah Darah (TTD) minimal 90 tablet selama masa kehamilan', '2024-12-07 08:12:09', '2024-12-07 08:12:09'),
(12, 'Persentase Unmet Need pelayanan keluarga berencana', '2024-12-07 08:12:09', '2024-12-07 08:12:09'),
(13, 'Persentase Kehamilan yang tidak diinginkan', '2024-12-07 08:12:09', '2024-12-07 08:12:09'),
(14, 'Bayi usia kurang dari 6 bulan mendapat air susu ibu (ASI) eksklusif', '2024-12-07 08:12:09', '2024-12-07 08:12:09'),
(15, 'Anak usia 6-23 bulan yang mendapat Makanan Pendamping Air Susu Ibu (MP-ASI)', '2024-12-07 08:12:09', '2024-12-07 08:12:09'),
(16, 'Anak berusia di bawah lima tahun (balita) gizi buruk yang mendapat pelayanan tata laksana gizi buruk', '2024-12-07 08:12:09', '2024-12-07 08:12:09'),
(17, 'Anak berusia di bawah lima tahun (balita) yang dipantau pertumbuhan dan perkembangannya', '2024-12-07 08:12:09', '2024-12-07 08:12:09'),
(18, 'Anak berusia di bawah lima tahun (balita) gizi kurang yang mendapat tambahan asupan gizi', '2024-12-07 08:12:09', '2024-12-07 08:12:09'),
(19, 'Balita yang memperoleh imunisasi dasar lengkap', '2024-12-07 08:12:09', '2024-12-07 08:12:09'),
(20, 'Keluarga yang Stop BABS', '2024-12-07 08:12:09', '2024-12-07 08:12:09'),
(21, 'Keluarga yang melaksanakan PHBS', '2024-12-07 08:12:09', '2024-12-07 08:12:09'),
(22, 'Keluarga berisiko stunting yang mendapatkan promosi peningkatan konsumsi ikan dalam negeri', '2024-12-07 08:12:09', '2024-12-07 08:12:09'),
(23, 'Pelayanan Keluarga Berencana (KB) pascapersalinan', '2024-12-07 08:12:09', '2024-12-07 08:12:09'),
(24, 'Keluarga berisiko stunting yang memperoleh pendampingan', '2024-12-07 08:12:09', '2024-12-07 08:12:09'),
(25, 'Keluarga berisiko stunting yang mendapatkan manfaat sumber daya pekarangan untuk peningkatan asupan gizi', '2024-12-07 08:12:09', '2024-12-07 08:12:09'),
(26, 'Rumah tangga yang mendapatkan akses air minum layak', '2024-12-07 08:12:09', '2024-12-07 08:12:09'),
(27, 'Rumah tangga yang mendapatkan akses sanitasi (air limbah domestik) layak', '2024-12-07 08:12:09', '2024-12-07 08:12:09'),
(28, 'Kelompok Keluarga Penerima Manfaat (KPM) Program Keluarga Harapan (PKH) yang mengikuti Pertemuan Peningkatan Kemampuan Keluarga (P2K2) dengan modul kesehatan dan gizi', '2024-12-07 08:12:09', '2024-12-07 08:12:09'),
(29, 'Keluarga Penerima Manfaat (KPM) dengan ibu hamil, ibu menyusui, dan baduta yang menerima variasi bantuan pangan selain beras dan telur', '2024-12-07 08:12:09', '2024-12-07 08:12:09');

-- --------------------------------------------------------

--
-- Table structure for table `indikatorss`
--

CREATE TABLE `indikatorss` (
  `id` int(11) NOT NULL,
  `nama_indikator` varchar(255) NOT NULL
) ENGINE=InnoDB DEFAULT CHARSET=utf8mb4 COLLATE=utf8mb4_general_ci;

-- --------------------------------------------------------

--
-- Table structure for table `kecamatans`
--

CREATE TABLE `kecamatans` (
  `id` int(11) NOT NULL,
  `nama_kecamatan` varchar(100) NOT NULL
) ENGINE=InnoDB DEFAULT CHARSET=utf8mb4 COLLATE=utf8mb4_general_ci;

--
-- Dumping data for table `kecamatans`
--

INSERT INTO `kecamatans` (`id`, `nama_kecamatan`) VALUES
(1, 'Bandung Kulon'),
(2, 'Babakan Ciparay'),
(3, 'Bojongloa Kaler'),
(4, 'Bojongloa Kidul'),
(5, 'Astananyar'),
(6, 'Regol'),
(7, 'Lengkong'),
(8, 'Bandung Kidul'),
(9, 'Buahbatu'),
(10, 'Rancasari'),
(11, 'Gedebage'),
(12, 'Cibiru'),
(13, 'Panyileukan'),
(14, 'Ujung Berung'),
(15, 'Cinambo'),
(16, 'Arcamanik'),
(17, 'Antapani'),
(18, 'Mandalajati'),
(19, 'Kiaracondong'),
(20, 'Batununggal'),
(21, 'Sumur Bandung'),
(22, 'Andir'),
(23, 'Cicendo'),
(24, 'Bandung Wetan'),
(25, 'Cibeunying Kidul'),
(26, 'Cibeunying Kaler'),
(27, 'Coblong'),
(28, 'Sukajadi'),
(29, 'Sukasari'),
(30, 'Cidadap');

-- --------------------------------------------------------

--
-- Table structure for table `kelurahans`
--

CREATE TABLE `kelurahans` (
  `id` bigint(20) UNSIGNED NOT NULL,
  `nama_kelurahan` varchar(255) NOT NULL,
  `created_at` timestamp NULL DEFAULT NULL,
  `updated_at` timestamp NULL DEFAULT NULL,
  `ID_Kecamatan` int(11) DEFAULT NULL
) ENGINE=InnoDB DEFAULT CHARSET=utf8mb4 COLLATE=utf8mb4_unicode_ci;

--
-- Dumping data for table `kelurahans`
--

INSERT INTO `kelurahans` (`id`, `nama_kelurahan`, `created_at`, `updated_at`, `ID_Kecamatan`) VALUES
(1, 'Gempol Sari', '2024-12-07 08:08:35', '2024-12-07 08:08:35', 1),
(2, 'Cigondewah Kaler', '2024-12-07 08:08:35', '2024-12-07 08:08:35', 1),
(3, 'Cigondewah Kidul', '2024-12-07 08:08:35', '2024-12-07 08:08:35', 1),
(4, 'Cigondewah Rahayu', '2024-12-07 08:08:35', '2024-12-07 08:08:35', 1),
(5, 'Caringin', '2024-12-07 08:08:35', '2024-12-07 08:08:35', 1),
(6, 'Warung Muncang', '2024-12-07 08:08:35', '2024-12-07 08:08:35', 1),
(7, 'Cibuntu', '2024-12-07 08:08:35', '2024-12-07 08:08:35', 1),
(8, 'Cijerah', '2024-12-07 08:08:35', '2024-12-07 08:08:35', 1),
(9, 'Margasuka', '2024-12-07 08:08:35', '2024-12-07 08:08:35', 2),
(10, 'Cirangrang', '2024-12-07 08:08:35', '2024-12-07 08:08:35', 2),
(11, 'Margahayu Utara', '2024-12-07 08:08:35', '2024-12-07 08:08:35', 2),
(12, 'Babakan Ciparay', '2024-12-07 08:08:35', '2024-12-07 08:08:35', 2),
(13, 'Babakan', '2024-12-07 08:08:35', '2024-12-07 08:08:35', 2),
(14, 'Sukahaji', '2024-12-07 08:08:35', '2024-12-07 08:08:35', 2),
(15, 'Kopo', '2024-12-07 08:08:35', '2024-12-07 08:08:35', 3),
(16, 'Suka Asih', '2024-12-07 08:08:35', '2024-12-07 08:08:35', 3),
(17, 'Babakan Asih', '2024-12-07 08:08:35', '2024-12-07 08:08:35', 3),
(18, 'Babakan Tarogong', '2024-12-07 08:08:35', '2024-12-07 08:08:35', 3),
(19, 'Jamika', '2024-12-07 08:08:35', '2024-12-07 08:08:35', 3),
(20, 'Cibaduyut Kidul', '2024-12-07 08:08:35', '2024-12-07 08:08:35', 4),
(21, 'Cibaduyut Wetan', '2024-12-07 08:08:35', '2024-12-07 08:08:35', 4),
(22, 'Mekar Wangi', '2024-12-07 08:08:35', '2024-12-07 08:08:35', 4),
(23, 'Cibaduyut', '2024-12-07 08:08:35', '2024-12-07 08:08:35', 4),
(24, 'Kebon Lega', '2024-12-07 08:08:35', '2024-12-07 08:08:35', 4),
(25, 'Situsaeur', '2024-12-07 08:08:35', '2024-12-07 08:08:35', 4),
(26, 'Karasak', '2024-12-07 08:08:35', '2024-12-07 08:08:35', 5),
(27, 'Pelindung Hewan', '2024-12-07 08:08:35', '2024-12-07 08:08:35', 5),
(28, 'Nyengseret', '2024-12-07 08:08:35', '2024-12-07 08:08:35', 5),
(29, 'Panjunan', '2024-12-07 08:08:35', '2024-12-07 08:08:35', 5),
(30, 'Cibadak', '2024-12-07 08:08:35', '2024-12-07 08:08:35', 5),
(31, 'Karang Anyar', '2024-12-07 08:08:35', '2024-12-07 08:08:35', 5),
(32, 'Ciseureuh', '2024-12-07 08:08:35', '2024-12-07 08:08:35', 6),
(33, 'Pasirluyu', '2024-12-07 08:08:35', '2024-12-07 08:08:35', 6),
(34, 'Ancol', '2024-12-07 08:08:35', '2024-12-07 08:08:35', 6),
(35, 'Cigereleng', '2024-12-07 08:08:35', '2024-12-07 08:08:35', 6),
(36, 'Ciateul', '2024-12-07 08:08:35', '2024-12-07 08:08:35', 6),
(37, 'Pungkur', '2024-12-07 08:08:35', '2024-12-07 08:08:35', 6),
(38, 'Balong Gede', '2024-12-07 08:08:35', '2024-12-07 08:08:35', 6),
(39, 'Cijagra', '2024-12-07 08:08:35', '2024-12-07 08:08:35', 7),
(40, 'Turangga', '2024-12-07 08:08:35', '2024-12-07 08:08:35', 7),
(41, 'Lingkar Selatan', '2024-12-07 08:08:35', '2024-12-07 08:08:35', 7),
(42, 'Malabar', '2024-12-07 08:08:35', '2024-12-07 08:08:35', 7),
(43, 'Burangrang', '2024-12-07 08:08:35', '2024-12-07 08:08:35', 7),
(44, 'Cikawao', '2024-12-07 08:08:35', '2024-12-07 08:08:35', 7),
(45, 'Paledang', '2024-12-07 08:08:35', '2024-12-07 08:08:35', 7),
(46, 'Wates', '2024-12-07 08:08:35', '2024-12-07 08:08:35', 8),
(47, 'Mengger', '2024-12-07 08:08:35', '2024-12-07 08:08:35', 8),
(48, 'Batununggal', '2024-12-07 08:08:35', '2024-12-07 08:08:35', 8),
(49, 'Kujangsari', '2024-12-07 08:08:35', '2024-12-07 08:08:35', 8),
(50, 'Cijaura', '2024-12-07 08:08:35', '2024-12-07 08:08:35', 9),
(51, 'Margasari', '2024-12-07 08:08:35', '2024-12-07 08:08:35', 9),
(52, 'Sekejati', '2024-12-07 08:08:35', '2024-12-07 08:08:35', 9),
(53, 'Jati Sari', '2024-12-07 08:08:35', '2024-12-07 08:08:35', 9),
(54, 'Derwati', '2024-12-07 08:08:35', '2024-12-07 08:08:35', 10),
(55, 'Cipamokolan', '2024-12-07 08:08:35', '2024-12-07 08:08:35', 10),
(56, 'Manjahlega', '2024-12-07 08:08:35', '2024-12-07 08:08:35', 10),
(57, 'Mekarjaya', '2024-12-07 08:08:35', '2024-12-07 08:08:35', 10),
(58, 'Rancabolang', '2024-12-07 08:08:35', '2024-12-07 08:08:35', 11),
(59, 'Rancanumpang', '2024-12-07 08:08:35', '2024-12-07 08:08:35', 11),
(60, 'Cisaranten Kidul', '2024-12-07 08:08:35', '2024-12-07 08:08:35', 11),
(61, 'Cimincrang', '2024-12-07 08:08:35', '2024-12-07 08:08:35', 11),
(62, 'Pasir Biru', '2024-12-07 08:08:35', '2024-12-07 08:08:35', 12),
(63, 'Cipadung', '2024-12-07 08:08:35', '2024-12-07 08:08:35', 12),
(64, 'Palasari', '2024-12-07 08:08:35', '2024-12-07 08:08:35', 12),
(65, 'Cisurupan', '2024-12-07 08:08:35', '2024-12-07 08:08:35', 12),
(66, 'Mekar Mulya', '2024-12-07 08:08:35', '2024-12-07 08:08:35', 13),
(67, 'Cipadung Kidul', '2024-12-07 08:08:35', '2024-12-07 08:08:35', 13),
(68, 'Cipadung Wetan', '2024-12-07 08:08:35', '2024-12-07 08:08:35', 13),
(69, 'Cipadung Kulon', '2024-12-07 08:08:35', '2024-12-07 08:08:35', 13),
(70, 'Pasanggrahan', '2024-12-07 08:08:35', '2024-12-07 08:08:35', 14),
(71, 'Pasirjati', '2024-12-07 08:08:35', '2024-12-07 08:08:35', 14),
(72, 'Pasir Wangi', '2024-12-07 08:08:35', '2024-12-07 08:08:35', 14),
(73, 'Cigending', '2024-12-07 08:08:35', '2024-12-07 08:08:35', 14),
(74, 'Pasir Endah', '2024-12-07 08:08:35', '2024-12-07 08:08:35', 14),
(75, 'Cisaranten Wetan', '2024-12-07 08:08:35', '2024-12-07 08:08:35', 15),
(76, 'Babakan Penghulu', '2024-12-07 08:08:35', '2024-12-07 08:08:35', 15),
(77, 'Pakemitan', '2024-12-07 08:08:35', '2024-12-07 08:08:35', 15),
(78, 'Sukamulya', '2024-12-07 08:08:35', '2024-12-07 08:08:35', 15),
(79, 'Cisaranten Kulon', '2024-12-07 08:08:35', '2024-12-07 08:08:35', 16),
(80, 'Cisaranten Bina Harapan', '2024-12-07 08:08:35', '2024-12-07 08:08:35', 16),
(81, 'Sukamiskin', '2024-12-07 08:08:35', '2024-12-07 08:08:35', 16),
(82, 'Cisaranten Endah', '2024-12-07 08:08:35', '2024-12-07 08:08:35', 16),
(83, 'Antapani Kidul', '2024-12-07 08:08:35', '2024-12-07 08:08:35', 17),
(84, 'Antapani Tengah', '2024-12-07 08:08:35', '2024-12-07 08:08:35', 17),
(85, 'Antapani Wetan', '2024-12-07 08:08:35', '2024-12-07 08:08:35', 17),
(86, 'Antapani Kulon', '2024-12-07 08:08:35', '2024-12-07 08:08:35', 17),
(87, 'Jatihandap', '2024-12-07 08:08:35', '2024-12-07 08:08:35', 18),
(88, 'Karang Pamulang', '2024-12-07 08:08:35', '2024-12-07 08:08:35', 18),
(89, 'Sindang Jaya', '2024-12-07 08:08:35', '2024-12-07 08:08:35', 18),
(90, 'Pasir Impun', '2024-12-07 08:08:35', '2024-12-07 08:08:35', 18),
(91, 'Kebon Kangkung', '2024-12-07 08:08:35', '2024-12-07 08:08:35', 19),
(92, 'Sukapura', '2024-12-07 08:08:35', '2024-12-07 08:08:35', 19),
(93, 'Kebun Jayanti', '2024-12-07 08:08:35', '2024-12-07 08:08:35', 19),
(94, 'Babakan Sari', '2024-12-07 08:08:35', '2024-12-07 08:08:35', 19),
(95, 'Babakan Surabaya', '2024-12-07 08:08:35', '2024-12-07 08:08:35', 19),
(96, 'Cicaheum', '2024-12-07 08:08:35', '2024-12-07 08:08:35', 19),
(97, 'Gumuruh', '2024-12-07 08:08:35', '2024-12-07 08:08:35', 20),
(98, 'Binong', '2024-12-07 08:08:35', '2024-12-07 08:08:35', 20),
(99, 'Kebon Gedang', '2024-12-07 08:08:35', '2024-12-07 08:08:35', 20),
(100, 'Maleer', '2024-12-07 08:08:35', '2024-12-07 08:08:35', 20),
(101, 'Cibangkong', '2024-12-07 08:08:35', '2024-12-07 08:08:35', 20),
(102, 'Samoja', '2024-12-07 08:08:35', '2024-12-07 08:08:35', 20),
(103, 'Kacapiring', '2024-12-07 08:08:35', '2024-12-07 08:08:35', 20),
(104, 'Kebon Waru', '2024-12-07 08:08:35', '2024-12-07 08:08:35', 20),
(105, 'Braga', '2024-12-07 08:08:35', '2024-12-07 08:08:35', 21),
(106, 'Kebon Pisang', '2024-12-07 08:08:35', '2024-12-07 08:08:35', 21),
(107, 'Merdeka', '2024-12-07 08:08:35', '2024-12-07 08:08:35', 21),
(108, 'Babakan Ciamis', '2024-12-07 08:08:35', '2024-12-07 08:08:35', 21),
(109, 'Campaka', '2024-12-07 08:08:35', '2024-12-07 08:08:35', 22),
(110, 'Maleber', '2024-12-07 08:08:35', '2024-12-07 08:08:35', 22),
(111, 'Garuda', '2024-12-07 08:08:35', '2024-12-07 08:08:35', 22),
(112, 'Dungus Cariang', '2024-12-07 08:08:35', '2024-12-07 08:08:35', 22),
(113, 'Ciroyom', '2024-12-07 08:08:35', '2024-12-07 08:08:35', 22),
(114, 'Kebon Jeruk', '2024-12-07 08:08:35', '2024-12-07 08:08:35', 22),
(115, 'Arjuna', '2024-12-07 08:08:35', '2024-12-07 08:08:35', 23),
(116, 'Pasirkaliki', '2024-12-07 08:08:35', '2024-12-07 08:08:35', 23),
(117, 'Pamoyanan', '2024-12-07 08:08:35', '2024-12-07 08:08:35', 23),
(118, 'Pajajaran', '2024-12-07 08:08:35', '2024-12-07 08:08:35', 23),
(119, 'Husen Sastranegara', '2024-12-07 08:08:35', '2024-12-07 08:08:35', 23),
(120, 'Sukaraja', '2024-12-07 08:08:35', '2024-12-07 08:08:35', 23),
(121, 'Taman Sari', '2024-12-07 08:08:35', '2024-12-07 08:08:35', 24),
(122, 'Citarum', '2024-12-07 08:08:35', '2024-12-07 08:08:35', 24),
(123, 'Cihapit', '2024-12-07 08:08:35', '2024-12-07 08:08:35', 24),
(124, 'Sukamaju', '2024-12-07 08:08:35', '2024-12-07 08:08:35', 25),
(125, 'Cicadas', '2024-12-07 08:08:35', '2024-12-07 08:08:35', 25),
(126, 'Cikutra', '2024-12-07 08:08:35', '2024-12-07 08:08:35', 25),
(127, 'Padasuka', '2024-12-07 08:08:35', '2024-12-07 08:08:35', 25),
(128, 'Pasirlayung', '2024-12-07 08:08:35', '2024-12-07 08:08:35', 25),
(129, 'Sukapada', '2024-12-07 08:08:35', '2024-12-07 08:08:35', 25),
(130, 'Cihaurgeulis', '2024-12-07 08:08:35', '2024-12-07 08:08:35', 26),
(131, 'Sukaluyu', '2024-12-07 08:08:35', '2024-12-07 08:08:35', 26),
(132, 'Neglasari', '2024-12-07 08:08:35', '2024-12-07 08:08:35', 26),
(133, 'Cigadung', '2024-12-07 08:08:35', '2024-12-07 08:08:35', 26),
(134, 'Cipaganti', '2024-12-07 08:08:35', '2024-12-07 08:08:35', 27),
(135, 'Lebak Siliwangi', '2024-12-07 08:08:35', '2024-12-07 08:08:35', 27),
(136, 'Lebak Gede', '2024-12-07 08:08:35', '2024-12-07 08:08:35', 27),
(137, 'Sadang Serang', '2024-12-07 08:08:35', '2024-12-07 08:08:35', 27),
(138, 'Sekeloa', '2024-12-07 08:08:35', '2024-12-07 08:08:35', 27),
(139, 'Dago', '2024-12-07 08:08:35', '2024-12-07 08:08:35', 27),
(140, 'Sukawarna', '2024-12-07 08:08:35', '2024-12-07 08:08:35', 28),
(141, 'Sukagalih', '2024-12-07 08:08:35', '2024-12-07 08:08:35', 28),
(142, 'Sukabungah', '2024-12-07 08:08:35', '2024-12-07 08:08:35', 28),
(143, 'Cipedes', '2024-12-07 08:08:35', '2024-12-07 08:08:35', 28),
(144, 'Pasteur', '2024-12-07 08:08:35', '2024-12-07 08:08:35', 28),
(145, 'Sarijadi', '2024-12-07 08:08:35', '2024-12-07 08:08:35', 29),
(146, 'Sukarasa', '2024-12-07 08:08:35', '2024-12-07 08:08:35', 29),
(147, 'Gegerkalong', '2024-12-07 08:08:35', '2024-12-07 08:08:35', 29),
(148, 'Isola', '2024-12-07 08:08:35', '2024-12-07 08:08:35', 29),
(149, 'Hegarmanah', '2024-12-07 08:08:35', '2024-12-07 08:08:35', 30),
(150, 'Ciumbuleuit', '2024-12-07 08:08:35', '2024-12-07 08:08:35', 30),
(151, 'Ledeng', '2024-12-07 08:08:35', '2024-12-07 08:08:35', 30);

-- --------------------------------------------------------

--
-- Table structure for table `komponen_anggarans`
--

CREATE TABLE `komponen_anggarans` (
  `id` bigint(20) UNSIGNED NOT NULL,
  `id_kegiatan` bigint(20) UNSIGNED NOT NULL,
  `sasaran` varchar(255) NOT NULL,
  `indikator_permasalahan` varchar(255) NOT NULL,
  `kode_rekening` varchar(255) NOT NULL,
  `uraian_belanja` text NOT NULL,
  `komponen_belanja` text NOT NULL,
  `satuan` varchar(255) NOT NULL,
  `volume` int(11) NOT NULL,
  `sumber_anggaran` varchar(255) NOT NULL,
  `bidang` varchar(255) NOT NULL,
  `created_at` timestamp NULL DEFAULT NULL,
  `updated_at` timestamp NULL DEFAULT NULL
) ENGINE=InnoDB DEFAULT CHARSET=utf8mb4 COLLATE=utf8mb4_unicode_ci;

-- --------------------------------------------------------

--
-- Table structure for table `migrations`
--

CREATE TABLE `migrations` (
  `id` int(10) UNSIGNED NOT NULL,
  `migration` varchar(255) NOT NULL,
  `batch` int(11) NOT NULL
) ENGINE=InnoDB DEFAULT CHARSET=utf8mb4 COLLATE=utf8mb4_unicode_ci;

--
-- Dumping data for table `migrations`
--

INSERT INTO `migrations` (`id`, `migration`, `batch`) VALUES
(1, '2014_10_12_000000_create_users_table', 1),
(2, '2014_10_12_100000_create_password_resets_table', 1),
(3, '2019_08_19_000000_create_failed_jobs_table', 1),
(4, '2019_12_14_000001_create_personal_access_tokens_table', 1),
(5, '2024_11_24_170134_create_indikators_table', 2),
(6, '2024_11_24_171057_create_opds_table', 3),
(7, '2024_11_24_171203_create_programs_table', 4),
(8, '2024_11_24_171546_create_kegiatans_table', 5),
(9, '2024_11_24_171658_create_komponen_anggarans_table', 6),
(10, '2024_12_05_042346_create_kelurahans_table', 7),
(11, '2024_12_05_042455_create_indikators_table', 8),
(12, '2024_12_07_135230_create_indicators_table', 9),
(13, '2024_12_07_135246_create_kelurahan_table', 9),
(14, '2024_12_07_135256_create_achievements_table', 9),
(15, '2024_12_07_141706_create_kelurahan_table', 10),
(16, '2024_12_07_145810_create_kelurahan_table', 11),
(17, '2024_12_07_145846_create_indikator_table', 12),
(18, '2024_12_07_145920_create_pencapaian_table', 13),
(19, '2025_01_08_045050_create_anggaran', 14),
(20, '2025_02_09_045508_create_kecamatanss_table', 15);

-- --------------------------------------------------------

--
-- Table structure for table `opds`
--

CREATE TABLE `opds` (
  `id` bigint(20) UNSIGNED NOT NULL,
  `nama` varchar(255) NOT NULL,
  `deskripsi` text DEFAULT NULL,
  `created_at` timestamp NULL DEFAULT NULL,
  `updated_at` timestamp NULL DEFAULT NULL
) ENGINE=InnoDB DEFAULT CHARSET=utf8mb4 COLLATE=utf8mb4_unicode_ci;

--
-- Dumping data for table `opds`
--

INSERT INTO `opds` (`id`, `nama`, `deskripsi`, `created_at`, `updated_at`) VALUES
(3, 'Bappelitbang', NULL, NULL, NULL),
(4, 'Dinas Kesehatan', NULL, NULL, NULL),
(5, 'Dinas Sosial', NULL, NULL, NULL),
(6, 'Dinas Ketahanan Pangan dan Pertanian', NULL, NULL, NULL),
(7, 'Dinas Perumahan dan Kawasan Permukiman', NULL, NULL, NULL),
(8, 'Dinas Pemuda dan Olahraga', NULL, NULL, NULL),
(9, 'Dinas Pendidikan', NULL, NULL, NULL),
(10, 'Dinas Pemberdayaan Perempuan dan Perlindungan Anak', NULL, NULL, NULL),
(11, 'Dinas Komunikasi dan Informatika', NULL, NULL, NULL),
(12, 'Dinas Kependudukan dan Pencatatan Sipil', NULL, NULL, NULL),
(13, 'Dinas Pengendalian Penduduk dan KB', NULL, NULL, NULL),
(14, 'Bagian Kesra', NULL, NULL, NULL),
(15, 'Bagian Tata Pemerintahan', NULL, NULL, NULL),
(16, 'Dinas Lingkungan Hidup', NULL, NULL, NULL),
(17, 'Dinas Koperasi dan UKM', NULL, NULL, NULL),
(18, 'Dinas Sumber Daya Air dan Bina Marga', NULL, NULL, NULL),
(19, 'Satuan Polisi Pamong Praja', NULL, NULL, NULL),
(20, 'Dinas Ketenagakerjaan', NULL, NULL, NULL),
(21, 'Kemenag', NULL, NULL, NULL);

-- --------------------------------------------------------

--
-- Table structure for table `password_resets`
--

CREATE TABLE `password_resets` (
  `email` varchar(255) NOT NULL,
  `token` varchar(255) NOT NULL,
  `created_at` timestamp NULL DEFAULT NULL
) ENGINE=InnoDB DEFAULT CHARSET=utf8mb4 COLLATE=utf8mb4_unicode_ci;

-- --------------------------------------------------------

--
-- Table structure for table `pencapaians`
--

CREATE TABLE `pencapaians` (
  `id` bigint(20) UNSIGNED NOT NULL,
  `kelurahan_id` bigint(20) UNSIGNED NOT NULL,
  `indikator_id` bigint(20) UNSIGNED NOT NULL,
  `target_2023` int(11) NOT NULL,
  `pencapaian_2023` int(11) NOT NULL,
  `target_2024` int(11) NOT NULL,
  `pencapaian_2024` int(11) NOT NULL,
  `created_at` timestamp NULL DEFAULT NULL,
  `updated_at` timestamp NULL DEFAULT NULL
) ENGINE=InnoDB DEFAULT CHARSET=utf8mb4 COLLATE=utf8mb4_unicode_ci;

--
-- Dumping data for table `pencapaians`
--

INSERT INTO `pencapaians` (`id`, `kelurahan_id`, `indikator_id`, `target_2023`, `pencapaian_2023`, `target_2024`, `pencapaian_2024`, `created_at`, `updated_at`) VALUES
(60, 1, 1, 81, 98, 84, 98, NULL, NULL),
(61, 1, 2, 74, 100, 94, 100, NULL, NULL),
(62, 1, 3, 92, 100, 100, 100, NULL, NULL),
(63, 1, 4, 95, 100, 96, 100, NULL, NULL),
(64, 1, 5, 95, 100, 83, 100, NULL, NULL),
(65, 1, 6, 95, 100, 83, 100, NULL, NULL),
(66, 1, 7, 17, 13, 16, 13, NULL, NULL),
(67, 1, 8, 25, 21, 26, 21, NULL, NULL),
(68, 1, 9, 100, 100, 100, 100, NULL, NULL),
(69, 1, 10, 97, 0, 42, 0, NULL, NULL),
(70, 1, 11, 99, 100, 100, 100, NULL, NULL),
(71, 1, 12, 23, 12, 18, 12, NULL, NULL),
(72, 1, 13, 1, 13, 12, 13, NULL, NULL),
(73, 1, 14, 75, 71, 77, 71, NULL, NULL),
(74, 1, 15, 100, 100, 100, 100, NULL, NULL),
(75, 1, 16, 100, 100, 100, 100, NULL, NULL),
(76, 1, 17, 75, 94, 85, 94, NULL, NULL),
(77, 1, 18, 92, 100, 31, 100, NULL, NULL),
(78, 1, 19, 84, 100, 79, 100, NULL, NULL),
(79, 1, 20, 100, 100, 100, 100, NULL, NULL),
(80, 1, 21, 69, 86, 70, 86, NULL, NULL),
(81, 1, 22, 100, 100, 100, 100, NULL, NULL),
(82, 1, 23, 13, 56, 84, 56, NULL, NULL),
(83, 1, 24, 100, 100, 100, 100, NULL, NULL),
(84, 1, 25, 34, 100, 65, 100, NULL, NULL),
(85, 1, 26, 65, 98, 94, 98, NULL, NULL),
(86, 1, 27, 71, 93, 88, 93, NULL, NULL),
(87, 1, 28, 91, 98, 89, 98, NULL, NULL),
(88, 1, 29, 100, 100, 100, 100, NULL, NULL),
(147, 2, 1, 0, 0, 0, 100, NULL, NULL),
(148, 2, 2, 0, 0, 0, 100, NULL, NULL),
(149, 2, 3, 0, 0, 0, 100, NULL, NULL),
(150, 2, 4, 0, 0, 0, 30, NULL, NULL),
(151, 2, 5, 0, 0, 0, 100, NULL, NULL),
(152, 2, 6, 0, 0, 0, 100, NULL, NULL),
(153, 2, 7, 0, 0, 0, 21, NULL, NULL),
(154, 2, 8, 0, 0, 0, 33, NULL, NULL),
(155, 2, 9, 0, 0, 0, 100, NULL, NULL),
(156, 2, 10, 0, 0, 0, 0, NULL, NULL),
(157, 2, 11, 0, 0, 0, 100, NULL, NULL),
(158, 2, 12, 0, 0, 0, 11, NULL, NULL),
(159, 2, 13, 0, 0, 0, 6, NULL, NULL),
(160, 2, 14, 0, 0, 0, 57, NULL, NULL),
(161, 2, 15, 0, 0, 0, 100, NULL, NULL),
(162, 2, 16, 0, 0, 0, 100, NULL, NULL),
(163, 2, 17, 0, 0, 0, 100, NULL, NULL),
(164, 2, 18, 0, 0, 0, 0, NULL, NULL),
(165, 2, 19, 0, 0, 0, 100, NULL, NULL),
(166, 2, 20, 0, 0, 0, 100, NULL, NULL),
(167, 2, 21, 0, 0, 0, 12, NULL, NULL),
(168, 2, 22, 0, 0, 0, 100, NULL, NULL),
(169, 2, 23, 0, 0, 0, 74, NULL, NULL),
(170, 2, 24, 0, 0, 0, 100, NULL, NULL),
(171, 2, 25, 0, 0, 0, 71, NULL, NULL),
(172, 2, 26, 0, 0, 0, 90, NULL, NULL),
(173, 2, 27, 0, 0, 0, 100, NULL, NULL),
(174, 2, 28, 0, 0, 0, 98, NULL, NULL),
(175, 2, 29, 0, 0, 0, 100, NULL, NULL),
(176, 3, 1, 0, 0, 0, 76, NULL, NULL),
(177, 3, 2, 0, 0, 0, 100, NULL, NULL),
(178, 3, 3, 0, 0, 0, 100, NULL, NULL),
(179, 3, 4, 0, 0, 0, 15, NULL, NULL),
(180, 3, 5, 0, 0, 0, 100, NULL, NULL),
(181, 3, 6, 0, 0, 0, 100, NULL, NULL),
(182, 3, 7, 0, 0, 0, 17, NULL, NULL),
(183, 3, 8, 0, 0, 0, 27, NULL, NULL),
(184, 3, 9, 0, 0, 0, 100, NULL, NULL),
(185, 3, 10, 0, 0, 0, 0, NULL, NULL),
(186, 3, 11, 0, 0, 0, 100, NULL, NULL),
(187, 3, 12, 0, 0, 0, 11, NULL, NULL),
(188, 3, 13, 0, 0, 0, 6, NULL, NULL),
(189, 3, 14, 0, 0, 0, 51, NULL, NULL),
(190, 3, 15, 0, 0, 0, 100, NULL, NULL),
(191, 3, 16, 0, 0, 0, 100, NULL, NULL),
(192, 3, 17, 0, 0, 0, 88, NULL, NULL),
(193, 3, 18, 0, 0, 0, 0, NULL, NULL),
(194, 3, 19, 0, 0, 0, 100, NULL, NULL),
(195, 3, 20, 0, 0, 0, 100, NULL, NULL),
(196, 3, 21, 0, 0, 0, 53, NULL, NULL),
(197, 3, 22, 0, 0, 0, 100, NULL, NULL),
(198, 3, 23, 0, 0, 0, 74, NULL, NULL),
(199, 3, 24, 0, 0, 0, 100, NULL, NULL),
(200, 3, 25, 0, 0, 0, 65, NULL, NULL),
(201, 3, 26, 0, 0, 0, 92, NULL, NULL),
(202, 3, 27, 0, 0, 0, 100, NULL, NULL),
(203, 3, 28, 0, 0, 0, 100, NULL, NULL),
(204, 3, 29, 0, 0, 0, 100, NULL, NULL),
(205, 4, 1, 0, 0, 0, 100, NULL, NULL),
(206, 4, 2, 0, 0, 0, 100, NULL, NULL),
(207, 4, 3, 0, 0, 0, 100, NULL, NULL),
(208, 4, 4, 0, 0, 0, 7, NULL, NULL),
(209, 4, 5, 0, 0, 0, 100, NULL, NULL),
(210, 4, 6, 0, 0, 0, 100, NULL, NULL),
(211, 4, 7, 0, 0, 0, 20, NULL, NULL),
(212, 4, 8, 0, 0, 0, 36, NULL, NULL),
(213, 4, 9, 0, 0, 0, 100, NULL, NULL),
(214, 4, 10, 0, 0, 0, 0, NULL, NULL),
(215, 4, 11, 0, 0, 0, 100, NULL, NULL),
(216, 4, 12, 0, 0, 0, 10, NULL, NULL),
(217, 4, 13, 0, 0, 0, 8, NULL, NULL),
(218, 4, 14, 0, 0, 0, 57, NULL, NULL),
(219, 4, 15, 0, 0, 0, 100, NULL, NULL),
(220, 4, 16, 0, 0, 0, 100, NULL, NULL),
(221, 4, 17, 0, 0, 0, 96, NULL, NULL),
(222, 4, 18, 0, 0, 0, 0, NULL, NULL),
(223, 4, 19, 0, 0, 0, 92, NULL, NULL),
(224, 4, 20, 0, 0, 0, 100, NULL, NULL),
(225, 4, 21, 0, 0, 0, 40, NULL, NULL),
(226, 4, 22, 0, 0, 0, 100, NULL, NULL),
(227, 4, 23, 0, 0, 0, 92, NULL, NULL),
(228, 4, 24, 0, 0, 0, 100, NULL, NULL),
(229, 4, 25, 0, 0, 0, 33, NULL, NULL),
(230, 4, 26, 0, 0, 0, 94, NULL, NULL),
(231, 4, 27, 0, 0, 0, 100, NULL, NULL),
(232, 4, 28, 0, 0, 0, 99, NULL, NULL),
(233, 4, 29, 0, 0, 0, 100, NULL, NULL),
(234, 5, 1, 0, 0, 0, 100, NULL, NULL),
(235, 5, 2, 0, 0, 0, 100, NULL, NULL),
(236, 5, 3, 0, 0, 0, 100, NULL, NULL),
(237, 5, 4, 0, 0, 0, 100, NULL, NULL),
(238, 5, 5, 0, 0, 0, 100, NULL, NULL),
(239, 5, 6, 0, 0, 0, 100, NULL, NULL),
(240, 5, 7, 0, 0, 0, 11, NULL, NULL),
(241, 5, 8, 0, 0, 0, 22, NULL, NULL),
(242, 5, 9, 0, 0, 0, 100, NULL, NULL),
(243, 5, 10, 0, 0, 0, 0, NULL, NULL),
(244, 5, 11, 0, 0, 0, 100, NULL, NULL),
(245, 5, 12, 0, 0, 0, 19, NULL, NULL),
(246, 5, 13, 0, 0, 0, 14, NULL, NULL),
(247, 5, 14, 0, 0, 0, 91, NULL, NULL),
(248, 5, 15, 0, 0, 0, 100, NULL, NULL),
(249, 5, 16, 0, 0, 0, 100, NULL, NULL),
(250, 5, 17, 0, 0, 0, 94, NULL, NULL),
(251, 5, 18, 0, 0, 0, 0, NULL, NULL),
(252, 5, 19, 0, 0, 0, 100, NULL, NULL),
(253, 5, 20, 0, 0, 0, 100, NULL, NULL),
(254, 5, 21, 0, 0, 0, 75, NULL, NULL),
(255, 5, 22, 0, 0, 0, 100, NULL, NULL),
(256, 5, 23, 0, 0, 0, 86, NULL, NULL),
(257, 5, 24, 0, 0, 0, 100, NULL, NULL),
(258, 5, 25, 0, 0, 0, 85, NULL, NULL),
(259, 5, 26, 0, 0, 0, 92, NULL, NULL),
(260, 5, 27, 0, 0, 0, 100, NULL, NULL),
(261, 5, 28, 0, 0, 0, 96, NULL, NULL),
(262, 5, 29, 0, 0, 0, 100, NULL, NULL),
(263, 6, 1, 0, 0, 0, 100, NULL, NULL),
(264, 6, 2, 0, 0, 0, 100, NULL, NULL),
(265, 6, 3, 0, 0, 0, 100, NULL, NULL),
(266, 6, 4, 0, 0, 0, 100, NULL, NULL),
(267, 6, 5, 0, 0, 0, 100, NULL, NULL),
(268, 6, 6, 0, 0, 0, 100, NULL, NULL),
(269, 6, 7, 0, 0, 0, 21, NULL, NULL),
(270, 6, 8, 0, 0, 0, 30, NULL, NULL),
(271, 6, 9, 0, 0, 0, 100, NULL, NULL),
(272, 6, 10, 0, 0, 0, 0, NULL, NULL),
(273, 6, 11, 0, 0, 0, 100, NULL, NULL),
(274, 6, 12, 0, 0, 0, 11, NULL, NULL),
(275, 6, 13, 0, 0, 0, 12, NULL, NULL),
(276, 6, 14, 0, 0, 0, 86, NULL, NULL),
(277, 6, 15, 0, 0, 0, 100, NULL, NULL),
(278, 6, 16, 0, 0, 0, 100, NULL, NULL),
(279, 6, 17, 0, 0, 0, 77, NULL, NULL),
(280, 6, 18, 0, 0, 0, 0, NULL, NULL),
(281, 6, 19, 0, 0, 0, 86, NULL, NULL),
(282, 6, 20, 0, 0, 0, 100, NULL, NULL),
(283, 6, 21, 0, 0, 0, 60, NULL, NULL),
(284, 6, 22, 0, 0, 0, 100, NULL, NULL),
(285, 6, 23, 0, 0, 0, 87, NULL, NULL),
(286, 6, 24, 0, 0, 0, 100, NULL, NULL),
(287, 6, 25, 0, 0, 0, 13, NULL, NULL),
(288, 6, 26, 0, 0, 0, 90, NULL, NULL),
(289, 6, 27, 0, 0, 0, 89, NULL, NULL),
(290, 6, 28, 0, 0, 0, 98, NULL, NULL),
(291, 6, 29, 0, 0, 0, 100, NULL, NULL),
(292, 7, 1, 0, 0, 0, 100, NULL, NULL),
(293, 7, 2, 0, 0, 0, 100, NULL, NULL),
(294, 7, 3, 0, 0, 0, 100, NULL, NULL),
(295, 7, 4, 0, 0, 0, 100, NULL, NULL),
(296, 7, 5, 0, 0, 0, 100, NULL, NULL),
(297, 7, 6, 0, 0, 0, 100, NULL, NULL),
(298, 7, 7, 0, 0, 0, 14, NULL, NULL),
(299, 7, 8, 0, 0, 0, 21, NULL, NULL),
(300, 7, 9, 0, 0, 0, 100, NULL, NULL),
(301, 7, 10, 0, 0, 0, 0, NULL, NULL),
(302, 7, 11, 0, 0, 0, 100, NULL, NULL),
(303, 7, 12, 0, 0, 0, 14, NULL, NULL),
(304, 7, 13, 0, 0, 0, 13, NULL, NULL),
(305, 7, 14, 0, 0, 0, 90, NULL, NULL),
(306, 7, 15, 0, 0, 0, 100, NULL, NULL),
(307, 7, 16, 0, 0, 0, 100, NULL, NULL),
(308, 7, 17, 0, 0, 0, 76, NULL, NULL),
(309, 7, 18, 0, 0, 0, 0, NULL, NULL),
(310, 7, 19, 0, 0, 0, 87, NULL, NULL),
(311, 7, 20, 0, 0, 0, 100, NULL, NULL),
(312, 7, 21, 0, 0, 0, 78, NULL, NULL),
(313, 7, 22, 0, 0, 0, 100, NULL, NULL),
(314, 7, 23, 0, 0, 0, 63, NULL, NULL),
(315, 7, 24, 0, 0, 0, 100, NULL, NULL),
(316, 7, 25, 0, 0, 0, 6, NULL, NULL),
(317, 7, 26, 0, 0, 0, 95, NULL, NULL),
(318, 7, 27, 0, 0, 0, 100, NULL, NULL),
(319, 7, 28, 0, 0, 0, 98, NULL, NULL),
(320, 7, 29, 0, 0, 0, 100, NULL, NULL),
(321, 8, 1, 0, 0, 0, 99, NULL, NULL),
(322, 8, 2, 0, 0, 0, 100, NULL, NULL),
(323, 8, 3, 0, 0, 0, 100, NULL, NULL),
(324, 8, 4, 0, 0, 0, 100, NULL, NULL),
(325, 8, 5, 0, 0, 0, 100, NULL, NULL),
(326, 8, 6, 0, 0, 0, 100, NULL, NULL),
(327, 8, 7, 0, 0, 0, 13, NULL, NULL),
(328, 8, 8, 0, 0, 0, 22, NULL, NULL),
(329, 8, 9, 0, 0, 0, 100, NULL, NULL),
(330, 8, 10, 0, 0, 0, 0, NULL, NULL),
(331, 8, 11, 0, 0, 0, 100, NULL, NULL),
(332, 8, 12, 0, 0, 0, 13, NULL, NULL),
(333, 8, 13, 0, 0, 0, 14, NULL, NULL),
(334, 8, 14, 0, 0, 0, 93, NULL, NULL),
(335, 8, 15, 0, 0, 0, 100, NULL, NULL),
(336, 8, 16, 0, 0, 0, 100, NULL, NULL),
(337, 8, 17, 0, 0, 0, 84, NULL, NULL),
(338, 8, 18, 0, 0, 0, 100, NULL, NULL),
(339, 8, 19, 0, 0, 0, 100, NULL, NULL),
(340, 8, 20, 0, 0, 0, 100, NULL, NULL),
(341, 8, 21, 0, 0, 0, 63, NULL, NULL),
(342, 8, 22, 0, 0, 0, 100, NULL, NULL),
(343, 8, 23, 0, 0, 0, 86, NULL, NULL),
(344, 8, 24, 0, 0, 0, 100, NULL, NULL),
(345, 8, 25, 0, 0, 0, 14, NULL, NULL),
(346, 8, 26, 0, 0, 0, 96, NULL, NULL),
(347, 8, 27, 0, 0, 0, 83, NULL, NULL),
(348, 8, 28, 0, 0, 0, 98, NULL, NULL),
(349, 8, 29, 0, 0, 0, 100, NULL, NULL),
(350, 9, 1, 0, 0, 0, 100, NULL, NULL),
(351, 9, 2, 0, 0, 0, 100, NULL, NULL),
(352, 9, 3, 0, 0, 0, 100, NULL, NULL),
(353, 9, 4, 0, 0, 0, 100, NULL, NULL),
(354, 9, 5, 0, 0, 0, 100, NULL, NULL),
(355, 9, 6, 0, 0, 0, 100, NULL, NULL),
(356, 9, 7, 0, 0, 0, 17, NULL, NULL),
(357, 9, 8, 0, 0, 0, 32, NULL, NULL),
(358, 9, 9, 0, 0, 0, 100, NULL, NULL),
(359, 9, 10, 0, 0, 0, 100, NULL, NULL),
(360, 9, 11, 0, 0, 0, 100, NULL, NULL),
(361, 9, 12, 0, 0, 0, 9, NULL, NULL),
(362, 9, 13, 0, 0, 0, 0, NULL, NULL),
(363, 9, 14, 0, 0, 0, 78, NULL, NULL),
(364, 9, 15, 0, 0, 0, 100, NULL, NULL),
(365, 9, 16, 0, 0, 0, 100, NULL, NULL),
(366, 9, 17, 0, 0, 0, 90, NULL, NULL),
(367, 9, 18, 0, 0, 0, 0, NULL, NULL),
(368, 9, 19, 0, 0, 0, 80, NULL, NULL),
(369, 9, 20, 0, 0, 0, 100, NULL, NULL),
(370, 9, 21, 0, 0, 0, 69, NULL, NULL),
(371, 9, 22, 0, 0, 0, 100, NULL, NULL),
(372, 9, 23, 0, 0, 0, 33, NULL, NULL),
(373, 9, 24, 0, 0, 0, 100, NULL, NULL),
(374, 9, 25, 0, 0, 0, 58, NULL, NULL),
(375, 9, 26, 0, 0, 0, 98, NULL, NULL),
(376, 9, 27, 0, 0, 0, 40, NULL, NULL),
(377, 9, 28, 0, 0, 0, 99, NULL, NULL),
(378, 9, 29, 0, 0, 0, 100, NULL, NULL),
(379, 10, 1, 0, 0, 0, 100, NULL, NULL),
(380, 10, 2, 0, 0, 0, 100, NULL, NULL),
(381, 10, 3, 0, 0, 0, 100, NULL, NULL),
(382, 10, 4, 0, 0, 0, 100, NULL, NULL),
(383, 10, 5, 0, 0, 0, 100, NULL, NULL),
(384, 10, 6, 0, 0, 0, 100, NULL, NULL),
(385, 10, 7, 0, 0, 0, 22, NULL, NULL),
(386, 10, 8, 0, 0, 0, 32, NULL, NULL),
(387, 10, 9, 0, 0, 0, 100, NULL, NULL),
(388, 10, 10, 0, 0, 0, 100, NULL, NULL),
(389, 10, 11, 0, 0, 0, 100, NULL, NULL),
(390, 10, 12, 0, 0, 0, 7, NULL, NULL),
(391, 10, 13, 0, 0, 0, 0, NULL, NULL),
(392, 10, 14, 0, 0, 0, 84, NULL, NULL),
(393, 10, 15, 0, 0, 0, 100, NULL, NULL),
(394, 10, 16, 0, 0, 0, 100, NULL, NULL),
(395, 10, 17, 0, 0, 0, 95, NULL, NULL),
(396, 10, 18, 0, 0, 0, 0, NULL, NULL),
(397, 10, 19, 0, 0, 0, 84, NULL, NULL),
(398, 10, 20, 0, 0, 0, 100, NULL, NULL),
(399, 10, 21, 0, 0, 0, 75, NULL, NULL),
(400, 10, 22, 0, 0, 0, 100, NULL, NULL),
(401, 10, 23, 0, 0, 0, 49, NULL, NULL),
(402, 10, 24, 0, 0, 0, 100, NULL, NULL),
(403, 10, 25, 0, 0, 0, 21, NULL, NULL),
(404, 10, 26, 0, 0, 0, 94, NULL, NULL),
(405, 10, 27, 0, 0, 0, 100, NULL, NULL),
(406, 10, 28, 0, 0, 0, 98, NULL, NULL),
(407, 10, 29, 0, 0, 0, 100, NULL, NULL),
(408, 11, 1, 0, 0, 0, 48, NULL, NULL),
(409, 11, 2, 0, 0, 0, 100, NULL, NULL),
(410, 11, 3, 0, 0, 0, 100, NULL, NULL),
(411, 11, 4, 0, 0, 0, 100, NULL, NULL),
(412, 11, 5, 0, 0, 0, 100, NULL, NULL),
(413, 11, 6, 0, 0, 0, 100, NULL, NULL),
(414, 11, 7, 0, 0, 0, 21, NULL, NULL),
(415, 11, 8, 0, 0, 0, 33, NULL, NULL),
(416, 11, 9, 0, 0, 0, 100, NULL, NULL),
(417, 11, 10, 0, 0, 0, 0, NULL, NULL),
(418, 11, 11, 0, 0, 0, 100, NULL, NULL),
(419, 11, 12, 0, 0, 0, 16, NULL, NULL),
(420, 11, 13, 0, 0, 0, 3, NULL, NULL),
(421, 11, 14, 0, 0, 0, 71, NULL, NULL),
(422, 11, 15, 0, 0, 0, 100, NULL, NULL),
(423, 11, 16, 0, 0, 0, 100, NULL, NULL),
(424, 11, 17, 0, 0, 0, 90, NULL, NULL),
(425, 11, 18, 0, 0, 0, 0, NULL, NULL),
(426, 11, 19, 0, 0, 0, 77, NULL, NULL),
(427, 11, 20, 0, 0, 0, 100, NULL, NULL),
(428, 11, 21, 0, 0, 0, 80, NULL, NULL),
(429, 11, 22, 0, 0, 0, 100, NULL, NULL),
(430, 11, 23, 0, 0, 0, 98, NULL, NULL),
(431, 11, 24, 0, 0, 0, 100, NULL, NULL),
(432, 11, 25, 0, 0, 0, 100, NULL, NULL),
(433, 11, 26, 0, 0, 0, 92, NULL, NULL),
(434, 11, 27, 0, 0, 0, 93, NULL, NULL),
(435, 11, 28, 0, 0, 0, 97, NULL, NULL),
(436, 11, 29, 0, 0, 0, 100, NULL, NULL),
(437, 12, 1, 0, 0, 0, 20, NULL, NULL),
(438, 12, 2, 0, 0, 0, 100, NULL, NULL),
(439, 12, 3, 0, 0, 0, 100, NULL, NULL),
(440, 12, 4, 0, 0, 0, 100, NULL, NULL),
(441, 12, 5, 0, 0, 0, 100, NULL, NULL),
(442, 12, 6, 0, 0, 0, 100, NULL, NULL),
(443, 12, 7, 0, 0, 0, 22, NULL, NULL),
(444, 12, 8, 0, 0, 0, 37, NULL, NULL),
(445, 12, 9, 0, 0, 0, 100, NULL, NULL),
(446, 12, 10, 0, 0, 0, 0, NULL, NULL),
(447, 12, 11, 0, 0, 0, 100, NULL, NULL),
(448, 12, 12, 0, 0, 0, 13, NULL, NULL),
(449, 12, 13, 0, 0, 0, 0, NULL, NULL),
(450, 12, 14, 0, 0, 0, 84, NULL, NULL),
(451, 12, 15, 0, 0, 0, 100, NULL, NULL),
(452, 12, 16, 0, 0, 0, 100, NULL, NULL),
(453, 12, 17, 0, 0, 0, 83, NULL, NULL),
(454, 12, 18, 0, 0, 0, 0, NULL, NULL),
(455, 12, 19, 0, 0, 0, 55, NULL, NULL),
(456, 12, 20, 0, 0, 0, 100, NULL, NULL),
(457, 12, 21, 0, 0, 0, 87, NULL, NULL),
(458, 12, 22, 0, 0, 0, 100, NULL, NULL),
(459, 12, 23, 0, 0, 0, 100, NULL, NULL),
(460, 12, 24, 0, 0, 0, 100, NULL, NULL),
(461, 12, 25, 0, 0, 0, 15, NULL, NULL),
(462, 12, 26, 0, 0, 0, 84, NULL, NULL),
(463, 12, 27, 0, 0, 0, 100, NULL, NULL),
(464, 12, 28, 0, 0, 0, 96, NULL, NULL),
(465, 12, 29, 0, 0, 0, 100, NULL, NULL),
(466, 13, 1, 0, 0, 0, 99, NULL, NULL),
(467, 13, 2, 0, 0, 0, 100, NULL, NULL),
(468, 13, 3, 0, 0, 0, 100, NULL, NULL),
(469, 13, 4, 0, 0, 0, 100, NULL, NULL),
(470, 13, 5, 0, 0, 0, 100, NULL, NULL),
(471, 13, 6, 0, 0, 0, 100, NULL, NULL),
(472, 13, 7, 0, 0, 0, 22, NULL, NULL),
(473, 13, 8, 0, 0, 0, 37, NULL, NULL),
(474, 13, 9, 0, 0, 0, 100, NULL, NULL),
(475, 13, 10, 0, 0, 0, 100, NULL, NULL),
(476, 13, 11, 0, 0, 0, 100, NULL, NULL),
(477, 13, 12, 0, 0, 0, 10, NULL, NULL),
(478, 13, 13, 0, 0, 0, 2, NULL, NULL),
(479, 13, 14, 0, 0, 0, 64, NULL, NULL),
(480, 13, 15, 0, 0, 0, 100, NULL, NULL),
(481, 13, 16, 0, 0, 0, 100, NULL, NULL),
(482, 13, 17, 0, 0, 0, 77, NULL, NULL),
(483, 13, 18, 0, 0, 0, 100, NULL, NULL),
(484, 13, 19, 0, 0, 0, 24, NULL, NULL),
(485, 13, 20, 0, 0, 0, 100, NULL, NULL),
(486, 13, 21, 0, 0, 0, 47, NULL, NULL),
(487, 13, 22, 0, 0, 0, 100, NULL, NULL),
(488, 13, 23, 0, 0, 0, 100, NULL, NULL),
(489, 13, 24, 0, 0, 0, 100, NULL, NULL),
(490, 13, 25, 0, 0, 0, 16, NULL, NULL),
(491, 13, 26, 0, 0, 0, 83, NULL, NULL),
(492, 13, 27, 0, 0, 0, 87, NULL, NULL),
(493, 13, 28, 0, 0, 0, 96, NULL, NULL),
(494, 13, 29, 0, 0, 0, 100, NULL, NULL),
(495, 14, 1, 0, 0, 0, 89, NULL, NULL),
(496, 14, 2, 0, 0, 0, 100, NULL, NULL),
(497, 14, 3, 0, 0, 0, 100, NULL, NULL),
(498, 14, 4, 0, 0, 0, 100, NULL, NULL),
(499, 14, 5, 0, 0, 0, 100, NULL, NULL),
(500, 14, 6, 0, 0, 0, 100, NULL, NULL),
(501, 14, 7, 0, 0, 0, 22, NULL, NULL),
(502, 14, 8, 0, 0, 0, 37, NULL, NULL),
(503, 14, 9, 0, 0, 0, 100, NULL, NULL),
(504, 14, 10, 0, 0, 0, 100, NULL, NULL),
(505, 14, 11, 0, 0, 0, 100, NULL, NULL),
(506, 14, 12, 0, 0, 0, 30, NULL, NULL),
(507, 14, 13, 0, 0, 0, 4, NULL, NULL),
(508, 14, 14, 0, 0, 0, 66, NULL, NULL),
(509, 14, 15, 0, 0, 0, 100, NULL, NULL),
(510, 14, 16, 0, 0, 0, 100, NULL, NULL),
(511, 14, 17, 0, 0, 0, 90, NULL, NULL),
(512, 14, 18, 0, 0, 0, 100, NULL, NULL),
(513, 14, 19, 0, 0, 0, 29, NULL, NULL),
(514, 14, 20, 0, 0, 0, 100, NULL, NULL),
(515, 14, 21, 0, 0, 0, 78, NULL, NULL),
(516, 14, 22, 0, 0, 0, 100, NULL, NULL),
(517, 14, 23, 0, 0, 0, 100, NULL, NULL),
(518, 14, 24, 0, 0, 0, 100, NULL, NULL),
(519, 14, 25, 0, 0, 0, 60, NULL, NULL),
(520, 14, 26, 0, 0, 0, 83, NULL, NULL),
(521, 14, 27, 0, 0, 0, 86, NULL, NULL),
(522, 14, 28, 0, 0, 0, 95, NULL, NULL),
(523, 14, 29, 0, 0, 0, 100, NULL, NULL),
(524, 15, 1, 0, 0, 0, 26, NULL, NULL),
(525, 15, 2, 0, 0, 0, 0, NULL, NULL),
(526, 15, 3, 0, 0, 0, 100, NULL, NULL),
(527, 15, 4, 0, 0, 0, 100, NULL, NULL),
(528, 15, 5, 0, 0, 0, 50, NULL, NULL),
(529, 15, 6, 0, 0, 0, 50, NULL, NULL),
(530, 15, 7, 0, 0, 0, 17, NULL, NULL),
(531, 15, 8, 0, 0, 0, 26, NULL, NULL),
(532, 15, 9, 0, 0, 0, 100, NULL, NULL),
(533, 15, 10, 0, 0, 0, 0, NULL, NULL),
(534, 15, 11, 0, 0, 0, 100, NULL, NULL),
(535, 15, 12, 0, 0, 0, 38, NULL, NULL),
(536, 15, 13, 0, 0, 0, 0, NULL, NULL),
(537, 15, 14, 0, 0, 0, 100, NULL, NULL),
(538, 15, 15, 0, 0, 0, 100, NULL, NULL),
(539, 15, 16, 0, 0, 0, 100, NULL, NULL),
(540, 15, 17, 0, 0, 0, 97, NULL, NULL),
(541, 15, 18, 0, 0, 0, 0, NULL, NULL),
(542, 15, 19, 0, 0, 0, 45, NULL, NULL),
(543, 15, 20, 0, 0, 0, 100, NULL, NULL),
(544, 15, 21, 0, 0, 0, 80, NULL, NULL),
(545, 15, 22, 0, 0, 0, 100, NULL, NULL),
(546, 15, 23, 0, 0, 0, 69, NULL, NULL),
(547, 15, 24, 0, 0, 0, 100, NULL, NULL),
(548, 15, 25, 0, 0, 0, 22, NULL, NULL),
(549, 15, 26, 0, 0, 0, 94, NULL, NULL),
(550, 15, 27, 0, 0, 0, 94, NULL, NULL),
(551, 15, 28, 0, 0, 0, 91, NULL, NULL),
(552, 15, 29, 0, 0, 0, 100, NULL, NULL),
(553, 16, 1, 0, 0, 0, 36, NULL, NULL),
(554, 16, 2, 0, 0, 0, 0, NULL, NULL),
(555, 16, 3, 0, 0, 0, 100, NULL, NULL),
(556, 16, 4, 0, 0, 0, 100, NULL, NULL),
(557, 16, 5, 0, 0, 0, 56, NULL, NULL),
(558, 16, 6, 0, 0, 0, 56, NULL, NULL),
(559, 16, 7, 0, 0, 0, 23, NULL, NULL),
(560, 16, 8, 0, 0, 0, 38, NULL, NULL),
(561, 16, 9, 0, 0, 0, 100, NULL, NULL),
(562, 16, 10, 0, 0, 0, 100, NULL, NULL),
(563, 16, 11, 0, 0, 0, 100, NULL, NULL),
(564, 16, 12, 0, 0, 0, 14, NULL, NULL),
(565, 16, 13, 0, 0, 0, 4, NULL, NULL),
(566, 16, 14, 0, 0, 0, 0, NULL, NULL),
(567, 16, 15, 0, 0, 0, 100, NULL, NULL),
(568, 16, 16, 0, 0, 0, 100, NULL, NULL),
(569, 16, 17, 0, 0, 0, 94, NULL, NULL),
(570, 16, 18, 0, 0, 0, 0, NULL, NULL),
(571, 16, 19, 0, 0, 0, 27, NULL, NULL),
(572, 16, 20, 0, 0, 0, 100, NULL, NULL),
(573, 16, 21, 0, 0, 0, 99, NULL, NULL),
(574, 16, 22, 0, 0, 0, 100, NULL, NULL),
(575, 16, 23, 0, 0, 0, 88, NULL, NULL),
(576, 16, 24, 0, 0, 0, 100, NULL, NULL),
(577, 16, 25, 0, 0, 0, 17, NULL, NULL),
(578, 16, 26, 0, 0, 0, 91, NULL, NULL),
(579, 16, 27, 0, 0, 0, 100, NULL, NULL),
(580, 16, 28, 0, 0, 0, 72, NULL, NULL),
(581, 16, 29, 0, 0, 0, 100, NULL, NULL),
(582, 17, 1, 0, 0, 0, 63, NULL, NULL),
(583, 17, 2, 0, 0, 0, 100, NULL, NULL),
(584, 17, 3, 0, 0, 0, 100, NULL, NULL),
(585, 17, 4, 0, 0, 0, 100, NULL, NULL),
(586, 17, 5, 0, 0, 0, 51, NULL, NULL),
(587, 17, 6, 0, 0, 0, 51, NULL, NULL),
(588, 17, 7, 0, 0, 0, 23, NULL, NULL),
(589, 17, 8, 0, 0, 0, 41, NULL, NULL),
(590, 17, 9, 0, 0, 0, 100, NULL, NULL),
(591, 17, 10, 0, 0, 0, 100, NULL, NULL),
(592, 17, 11, 0, 0, 0, 100, NULL, NULL),
(593, 17, 12, 0, 0, 0, 8, NULL, NULL),
(594, 17, 13, 0, 0, 0, 0, NULL, NULL),
(595, 17, 14, 0, 0, 0, 75, NULL, NULL),
(596, 17, 15, 0, 0, 0, 100, NULL, NULL),
(597, 17, 16, 0, 0, 0, 100, NULL, NULL),
(598, 17, 17, 0, 0, 0, 98, NULL, NULL),
(599, 17, 18, 0, 0, 0, 100, NULL, NULL),
(600, 17, 19, 0, 0, 0, 98, NULL, NULL),
(601, 17, 20, 0, 0, 0, 100, NULL, NULL),
(602, 17, 21, 0, 0, 0, 23, NULL, NULL),
(603, 17, 22, 0, 0, 0, 100, NULL, NULL),
(604, 17, 23, 0, 0, 0, 92, NULL, NULL),
(605, 17, 24, 0, 0, 0, 100, NULL, NULL),
(606, 17, 25, 0, 0, 0, 19, NULL, NULL),
(607, 17, 26, 0, 0, 0, 91, NULL, NULL),
(608, 17, 27, 0, 0, 0, 100, NULL, NULL),
(609, 17, 28, 0, 0, 0, 67, NULL, NULL),
(610, 17, 29, 0, 0, 0, 100, NULL, NULL),
(611, 18, 1, 0, 0, 0, 66, NULL, NULL),
(612, 18, 2, 0, 0, 0, 100, NULL, NULL),
(613, 18, 3, 0, 0, 0, 100, NULL, NULL),
(614, 18, 4, 0, 0, 0, 100, NULL, NULL),
(615, 18, 5, 0, 0, 0, 46, NULL, NULL),
(616, 18, 6, 0, 0, 0, 46, NULL, NULL),
(617, 18, 7, 0, 0, 0, 22, NULL, NULL),
(618, 18, 8, 0, 0, 0, 36, NULL, NULL),
(619, 18, 9, 0, 0, 0, 100, NULL, NULL),
(620, 18, 10, 0, 0, 0, 100, NULL, NULL),
(621, 18, 11, 0, 0, 0, 100, NULL, NULL),
(622, 18, 12, 0, 0, 0, 13, NULL, NULL),
(623, 18, 13, 0, 0, 0, 0, NULL, NULL),
(624, 18, 14, 0, 0, 0, 83, NULL, NULL),
(625, 18, 15, 0, 0, 0, 100, NULL, NULL),
(626, 18, 16, 0, 0, 0, 100, NULL, NULL),
(627, 18, 17, 0, 0, 0, 95, NULL, NULL),
(628, 18, 18, 0, 0, 0, 100, NULL, NULL),
(629, 18, 19, 0, 0, 0, 94, NULL, NULL),
(630, 18, 20, 0, 0, 0, 100, NULL, NULL),
(631, 18, 21, 0, 0, 0, 33, NULL, NULL),
(632, 18, 22, 0, 0, 0, 100, NULL, NULL),
(633, 18, 23, 0, 0, 0, 100, NULL, NULL),
(634, 18, 24, 0, 0, 0, 100, NULL, NULL),
(635, 18, 25, 0, 0, 0, 12, NULL, NULL),
(636, 18, 26, 0, 0, 0, 91, NULL, NULL),
(637, 18, 27, 0, 0, 0, 98, NULL, NULL),
(638, 18, 28, 0, 0, 0, 89, NULL, NULL),
(639, 18, 29, 0, 0, 0, 100, NULL, NULL),
(640, 19, 1, 0, 0, 0, 100, NULL, NULL),
(641, 19, 2, 0, 0, 0, 100, NULL, NULL),
(642, 19, 3, 0, 0, 0, 100, NULL, NULL),
(643, 19, 4, 0, 0, 0, 100, NULL, NULL),
(644, 19, 5, 0, 0, 0, 50, NULL, NULL),
(645, 19, 6, 0, 0, 0, 50, NULL, NULL),
(646, 19, 7, 0, 0, 0, 25, NULL, NULL),
(647, 19, 8, 0, 0, 0, 43, NULL, NULL),
(648, 19, 9, 0, 0, 0, 100, NULL, NULL),
(649, 19, 10, 0, 0, 0, 0, NULL, NULL),
(650, 19, 11, 0, 0, 0, 100, NULL, NULL),
(651, 19, 12, 0, 0, 0, 17, NULL, NULL),
(652, 19, 13, 0, 0, 0, 6, NULL, NULL),
(653, 19, 14, 0, 0, 0, 68, NULL, NULL),
(654, 19, 15, 0, 0, 0, 100, NULL, NULL),
(655, 19, 16, 0, 0, 0, 100, NULL, NULL),
(656, 19, 17, 0, 0, 0, 98, NULL, NULL),
(657, 19, 18, 0, 0, 0, 0, NULL, NULL),
(658, 19, 19, 0, 0, 0, 45, NULL, NULL),
(659, 19, 20, 0, 0, 0, 100, NULL, NULL),
(660, 19, 21, 0, 0, 0, 47, NULL, NULL),
(661, 19, 22, 0, 0, 0, 100, NULL, NULL),
(662, 19, 23, 0, 0, 0, 100, NULL, NULL),
(663, 19, 24, 0, 0, 0, 100, NULL, NULL),
(664, 19, 25, 0, 0, 0, 16, NULL, NULL),
(665, 19, 26, 0, 0, 0, 96, NULL, NULL),
(666, 19, 27, 0, 0, 0, 99, NULL, NULL),
(667, 19, 28, 0, 0, 0, 90, NULL, NULL),
(668, 19, 29, 0, 0, 0, 100, NULL, NULL),
(669, 20, 1, 0, 0, 0, 77, NULL, NULL),
(670, 20, 2, 0, 0, 0, 100, NULL, NULL),
(671, 20, 3, 0, 0, 0, 100, NULL, NULL),
(672, 20, 4, 0, 0, 0, 100, NULL, NULL),
(673, 20, 5, 0, 0, 0, 61, NULL, NULL),
(674, 20, 6, 0, 0, 0, 61, NULL, NULL),
(675, 20, 7, 0, 0, 0, 22, NULL, NULL),
(676, 20, 8, 0, 0, 0, 37, NULL, NULL),
(677, 20, 9, 0, 0, 0, 100, NULL, NULL),
(678, 20, 10, 0, 0, 0, 4, NULL, NULL),
(679, 20, 11, 0, 0, 0, 100, NULL, NULL),
(680, 20, 12, 0, 0, 0, 11, NULL, NULL),
(681, 20, 13, 0, 0, 0, 0, NULL, NULL),
(682, 20, 14, 0, 0, 0, 100, NULL, NULL),
(683, 20, 15, 0, 0, 0, 100, NULL, NULL),
(684, 20, 16, 0, 0, 0, 100, NULL, NULL),
(685, 20, 17, 0, 0, 0, 95, NULL, NULL),
(686, 20, 18, 0, 0, 0, 0, NULL, NULL),
(687, 20, 19, 0, 0, 0, 96, NULL, NULL),
(688, 20, 20, 0, 0, 0, 100, NULL, NULL),
(689, 20, 21, 0, 0, 0, 70, NULL, NULL),
(690, 20, 22, 0, 0, 0, 100, NULL, NULL),
(691, 20, 23, 0, 0, 0, 100, NULL, NULL),
(692, 20, 24, 0, 0, 0, 100, NULL, NULL),
(693, 20, 25, 0, 0, 0, 72, NULL, NULL),
(694, 20, 26, 0, 0, 0, 95, NULL, NULL),
(695, 20, 27, 0, 0, 0, 100, NULL, NULL),
(696, 20, 28, 0, 0, 0, 91, NULL, NULL),
(697, 20, 29, 0, 0, 0, 100, NULL, NULL),
(698, 21, 1, 0, 0, 0, 100, NULL, NULL),
(699, 21, 2, 0, 0, 0, 100, NULL, NULL),
(700, 21, 3, 0, 0, 0, 100, NULL, NULL),
(701, 21, 4, 0, 0, 0, 100, NULL, NULL),
(702, 21, 5, 0, 0, 0, 67, NULL, NULL),
(703, 21, 6, 0, 0, 0, 67, NULL, NULL),
(704, 21, 7, 0, 0, 0, 22, NULL, NULL),
(705, 21, 8, 0, 0, 0, 38, NULL, NULL),
(706, 21, 9, 0, 0, 0, 100, NULL, NULL),
(707, 21, 10, 0, 0, 0, 0, NULL, NULL),
(708, 21, 11, 0, 0, 0, 100, NULL, NULL),
(709, 21, 12, 0, 0, 0, 4, NULL, NULL),
(710, 21, 13, 0, 0, 0, 100, NULL, NULL),
(711, 21, 14, 0, 0, 0, 100, NULL, NULL),
(712, 21, 15, 0, 0, 0, 100, NULL, NULL),
(713, 21, 16, 0, 0, 0, 100, NULL, NULL),
(714, 21, 17, 0, 0, 0, 80, NULL, NULL),
(715, 21, 18, 0, 0, 0, 0, NULL, NULL),
(716, 21, 19, 0, 0, 0, 84, NULL, NULL),
(717, 21, 20, 0, 0, 0, 100, NULL, NULL),
(718, 21, 21, 0, 0, 0, 41, NULL, NULL),
(719, 21, 22, 0, 0, 0, 100, NULL, NULL),
(720, 21, 23, 0, 0, 0, 71, NULL, NULL),
(721, 21, 24, 0, 0, 0, 100, NULL, NULL),
(722, 21, 25, 0, 0, 0, 78, NULL, NULL),
(723, 21, 26, 0, 0, 0, 97, NULL, NULL),
(724, 21, 27, 0, 0, 0, 100, NULL, NULL),
(725, 21, 28, 0, 0, 0, 86, NULL, NULL),
(726, 21, 29, 0, 0, 0, 100, NULL, NULL),
(727, 22, 1, 0, 0, 0, 100, NULL, NULL),
(728, 22, 2, 0, 0, 0, 100, NULL, NULL),
(729, 22, 3, 0, 0, 0, 100, NULL, NULL),
(730, 22, 4, 0, 0, 0, 100, NULL, NULL),
(731, 22, 5, 0, 0, 0, 75, NULL, NULL),
(732, 22, 6, 0, 0, 0, 75, NULL, NULL),
(733, 22, 7, 0, 0, 0, 24, NULL, NULL),
(734, 22, 8, 0, 0, 0, 38, NULL, NULL),
(735, 22, 9, 0, 0, 0, 100, NULL, NULL),
(736, 22, 10, 0, 0, 0, 0, NULL, NULL),
(737, 22, 11, 0, 0, 0, 100, NULL, NULL),
(738, 22, 12, 0, 0, 0, 5, NULL, NULL),
(739, 22, 13, 0, 0, 0, 0, NULL, NULL),
(740, 22, 14, 0, 0, 0, 0, NULL, NULL),
(741, 22, 15, 0, 0, 0, 100, NULL, NULL),
(742, 22, 16, 0, 0, 0, 100, NULL, NULL),
(743, 22, 17, 0, 0, 0, 85, NULL, NULL),
(744, 22, 18, 0, 0, 0, 0, NULL, NULL),
(745, 22, 19, 0, 0, 0, 57, NULL, NULL),
(746, 22, 20, 0, 0, 0, 100, NULL, NULL),
(747, 22, 21, 0, 0, 0, 51, NULL, NULL),
(748, 22, 22, 0, 0, 0, 100, NULL, NULL),
(749, 22, 23, 0, 0, 0, 60, NULL, NULL),
(750, 22, 24, 0, 0, 0, 100, NULL, NULL),
(751, 22, 25, 0, 0, 0, 86, NULL, NULL),
(752, 22, 26, 0, 0, 0, 97, NULL, NULL),
(753, 22, 27, 0, 0, 0, 100, NULL, NULL),
(754, 22, 28, 0, 0, 0, 99, NULL, NULL),
(755, 22, 29, 0, 0, 0, 100, NULL, NULL),
(756, 23, 1, 0, 0, 0, 100, NULL, NULL),
(757, 23, 2, 0, 0, 0, 100, NULL, NULL),
(758, 23, 3, 0, 0, 0, 100, NULL, NULL),
(759, 23, 4, 0, 0, 0, 100, NULL, NULL),
(760, 23, 5, 0, 0, 0, 66, NULL, NULL),
(761, 23, 6, 0, 0, 0, 66, NULL, NULL),
(762, 23, 7, 0, 0, 0, 23, NULL, NULL),
(763, 23, 8, 0, 0, 0, 34, NULL, NULL),
(764, 23, 9, 0, 0, 0, 100, NULL, NULL),
(765, 23, 10, 0, 0, 0, 22, NULL, NULL),
(766, 23, 11, 0, 0, 0, 100, NULL, NULL),
(767, 23, 12, 0, 0, 0, 19, NULL, NULL),
(768, 23, 13, 0, 0, 0, 11, NULL, NULL),
(769, 23, 14, 0, 0, 0, 100, NULL, NULL),
(770, 23, 15, 0, 0, 0, 100, NULL, NULL),
(771, 23, 16, 0, 0, 0, 100, NULL, NULL),
(772, 23, 17, 0, 0, 0, 97, NULL, NULL),
(773, 23, 18, 0, 0, 0, 0, NULL, NULL),
(774, 23, 19, 0, 0, 0, 96, NULL, NULL),
(775, 23, 20, 0, 0, 0, 100, NULL, NULL),
(776, 23, 21, 0, 0, 0, 42, NULL, NULL),
(777, 23, 22, 0, 0, 0, 100, NULL, NULL),
(778, 23, 23, 0, 0, 0, 98, NULL, NULL),
(779, 23, 24, 0, 0, 0, 100, NULL, NULL),
(780, 23, 25, 0, 0, 0, 28, NULL, NULL),
(781, 23, 26, 0, 0, 0, 94, NULL, NULL),
(782, 23, 27, 0, 0, 0, 100, NULL, NULL),
(783, 23, 28, 0, 0, 0, 98, NULL, NULL),
(784, 23, 29, 0, 0, 0, 100, NULL, NULL),
(785, 24, 1, 0, 0, 0, 100, NULL, NULL),
(786, 24, 2, 0, 0, 0, 100, NULL, NULL),
(787, 24, 3, 0, 0, 0, 100, NULL, NULL),
(788, 24, 4, 0, 0, 0, 100, NULL, NULL),
(789, 24, 5, 0, 0, 0, 63, NULL, NULL),
(790, 24, 6, 0, 0, 0, 63, NULL, NULL),
(791, 24, 7, 0, 0, 0, 17, NULL, NULL),
(792, 24, 8, 0, 0, 0, 27, NULL, NULL),
(793, 24, 9, 0, 0, 0, 100, NULL, NULL),
(794, 24, 10, 0, 0, 0, 100, NULL, NULL),
(795, 24, 11, 0, 0, 0, 100, NULL, NULL),
(796, 24, 12, 0, 0, 0, 40, NULL, NULL),
(797, 24, 13, 0, 0, 0, 100, NULL, NULL),
(798, 24, 14, 0, 0, 0, 78, NULL, NULL),
(799, 24, 15, 0, 0, 0, 100, NULL, NULL),
(800, 24, 16, 0, 0, 0, 100, NULL, NULL),
(801, 24, 17, 0, 0, 0, 99, NULL, NULL),
(802, 24, 18, 0, 0, 0, 100, NULL, NULL),
(803, 24, 19, 0, 0, 0, 89, NULL, NULL),
(804, 24, 20, 0, 0, 0, 100, NULL, NULL),
(805, 24, 21, 0, 0, 0, 62, NULL, NULL),
(806, 24, 22, 0, 0, 0, 100, NULL, NULL),
(807, 24, 23, 0, 0, 0, 79, NULL, NULL),
(808, 24, 24, 0, 0, 0, 100, NULL, NULL),
(809, 24, 25, 0, 0, 0, 93, NULL, NULL),
(810, 24, 26, 0, 0, 0, 97, NULL, NULL),
(811, 24, 27, 0, 0, 0, 84, NULL, NULL),
(812, 24, 28, 0, 0, 0, 100, NULL, NULL),
(813, 24, 29, 0, 0, 0, 100, NULL, NULL),
(814, 25, 1, 0, 0, 0, 100, NULL, NULL),
(815, 25, 2, 0, 0, 0, 100, NULL, NULL),
(816, 25, 3, 0, 0, 0, 100, NULL, NULL),
(817, 25, 4, 0, 0, 0, 100, NULL, NULL),
(818, 25, 5, 0, 0, 0, 82, NULL, NULL),
(819, 25, 6, 0, 0, 0, 82, NULL, NULL),
(820, 25, 7, 0, 0, 0, 17, NULL, NULL),
(821, 25, 8, 0, 0, 0, 26, NULL, NULL),
(822, 25, 9, 0, 0, 0, 100, NULL, NULL),
(823, 25, 10, 0, 0, 0, 100, NULL, NULL),
(824, 25, 11, 0, 0, 0, 100, NULL, NULL),
(825, 25, 12, 0, 0, 0, 25, NULL, NULL),
(826, 25, 13, 0, 0, 0, 100, NULL, NULL),
(827, 25, 14, 0, 0, 0, 82, NULL, NULL),
(828, 25, 15, 0, 0, 0, 100, NULL, NULL),
(829, 25, 16, 0, 0, 0, 100, NULL, NULL),
(830, 25, 17, 0, 0, 0, 97, NULL, NULL),
(831, 25, 18, 0, 0, 0, 100, NULL, NULL),
(832, 25, 19, 0, 0, 0, 64, NULL, NULL),
(833, 25, 20, 0, 0, 0, 100, NULL, NULL),
(834, 25, 21, 0, 0, 0, 47, NULL, NULL),
(835, 25, 22, 0, 0, 0, 100, NULL, NULL),
(836, 25, 23, 0, 0, 0, 59, NULL, NULL),
(837, 25, 24, 0, 0, 0, 100, NULL, NULL),
(838, 25, 25, 0, 0, 0, 32, NULL, NULL),
(839, 25, 26, 0, 0, 0, 95, NULL, NULL),
(840, 25, 27, 0, 0, 0, 78, NULL, NULL),
(841, 25, 28, 0, 0, 0, 79, NULL, NULL),
(842, 25, 29, 0, 0, 0, 100, NULL, NULL),
(959, 26, 1, 0, 0, 0, 59, NULL, NULL),
(960, 26, 2, 0, 0, 0, 100, NULL, NULL),
(961, 26, 3, 0, 0, 0, 100, NULL, NULL),
(962, 26, 4, 0, 0, 0, 100, NULL, NULL),
(963, 26, 5, 0, 0, 0, 100, NULL, NULL),
(964, 26, 6, 0, 0, 0, 100, NULL, NULL),
(965, 26, 7, 0, 0, 0, 11, NULL, NULL),
(966, 26, 8, 0, 0, 0, 18, NULL, NULL),
(967, 26, 9, 0, 0, 0, 100, NULL, NULL),
(968, 26, 10, 0, 0, 0, 100, NULL, NULL),
(969, 26, 11, 0, 0, 0, 100, NULL, NULL),
(970, 26, 12, 0, 0, 0, 17, NULL, NULL),
(971, 26, 13, 0, 0, 0, 0, NULL, NULL),
(972, 26, 14, 0, 0, 0, 100, NULL, NULL),
(973, 26, 15, 0, 0, 0, 100, NULL, NULL),
(974, 26, 16, 0, 0, 0, 100, NULL, NULL),
(975, 26, 17, 0, 0, 0, 79, NULL, NULL),
(976, 26, 18, 0, 0, 0, 0, NULL, NULL),
(977, 26, 19, 0, 0, 0, 77, NULL, NULL),
(978, 26, 20, 0, 0, 0, 100, NULL, NULL),
(979, 26, 21, 0, 0, 0, 34, NULL, NULL),
(980, 26, 22, 0, 0, 0, 100, NULL, NULL),
(981, 26, 23, 0, 0, 0, 13, NULL, NULL),
(982, 26, 24, 0, 0, 0, 100, NULL, NULL),
(983, 26, 25, 0, 0, 0, 69, NULL, NULL),
(984, 26, 26, 0, 0, 0, 91, NULL, NULL),
(985, 26, 27, 0, 0, 0, 100, NULL, NULL),
(986, 26, 28, 0, 0, 0, 91, NULL, NULL),
(987, 26, 29, 0, 0, 0, 100, NULL, NULL),
(988, 27, 1, 0, 0, 0, 72, NULL, NULL),
(989, 27, 2, 0, 0, 0, 100, NULL, NULL),
(990, 27, 3, 0, 0, 0, 100, NULL, NULL),
(991, 27, 4, 0, 0, 0, 100, NULL, NULL),
(992, 27, 5, 0, 0, 0, 100, NULL, NULL),
(993, 27, 6, 0, 0, 0, 100, NULL, NULL),
(994, 27, 7, 0, 0, 0, 3, NULL, NULL),
(995, 27, 8, 0, 0, 0, 12, NULL, NULL),
(996, 27, 9, 0, 0, 0, 100, NULL, NULL),
(997, 27, 10, 0, 0, 0, 0, NULL, NULL),
(998, 27, 11, 0, 0, 0, 100, NULL, NULL),
(999, 27, 12, 0, 0, 0, 13, NULL, NULL),
(1000, 27, 13, 0, 0, 0, 38, NULL, NULL),
(1001, 27, 14, 0, 0, 0, 69, NULL, NULL),
(1002, 27, 15, 0, 0, 0, 100, NULL, NULL),
(1003, 27, 16, 0, 0, 0, 100, NULL, NULL),
(1004, 27, 17, 0, 0, 0, 74, NULL, NULL),
(1005, 27, 18, 0, 0, 0, 0, NULL, NULL),
(1006, 27, 19, 0, 0, 0, 90, NULL, NULL),
(1007, 27, 20, 0, 0, 0, 100, NULL, NULL),
(1008, 27, 21, 0, 0, 0, 69, NULL, NULL),
(1009, 27, 22, 0, 0, 0, 100, NULL, NULL),
(1010, 27, 23, 0, 0, 0, 100, NULL, NULL),
(1011, 27, 24, 0, 0, 0, 100, NULL, NULL),
(1012, 27, 25, 0, 0, 0, 100, NULL, NULL),
(1013, 27, 26, 0, 0, 0, 95, NULL, NULL),
(1014, 27, 27, 0, 0, 0, 100, NULL, NULL),
(1015, 27, 28, 0, 0, 0, 94, NULL, NULL),
(1016, 27, 29, 0, 0, 0, 100, NULL, NULL),
(1017, 28, 1, 0, 0, 0, 100, NULL, NULL),
(1018, 28, 2, 0, 0, 0, 100, NULL, NULL),
(1019, 28, 3, 0, 0, 0, 100, NULL, NULL),
(1020, 28, 4, 0, 0, 0, 100, NULL, NULL),
(1021, 28, 5, 0, 0, 0, 100, NULL, NULL),
(1022, 28, 6, 0, 0, 0, 100, NULL, NULL),
(1023, 28, 7, 0, 0, 0, 15, NULL, NULL),
(1024, 28, 8, 0, 0, 0, 23, NULL, NULL),
(1025, 28, 9, 0, 0, 0, 100, NULL, NULL),
(1026, 28, 10, 0, 0, 0, 0, NULL, NULL),
(1027, 28, 11, 0, 0, 0, 100, NULL, NULL),
(1028, 28, 12, 0, 0, 0, 24, NULL, NULL),
(1029, 28, 13, 0, 0, 0, 0, NULL, NULL),
(1030, 28, 14, 0, 0, 0, 68, NULL, NULL),
(1031, 28, 15, 0, 0, 0, 100, NULL, NULL),
(1032, 28, 16, 0, 0, 0, 100, NULL, NULL),
(1033, 28, 17, 0, 0, 0, 70, NULL, NULL),
(1034, 28, 18, 0, 0, 0, 0, NULL, NULL),
(1035, 28, 19, 0, 0, 0, 88, NULL, NULL),
(1036, 28, 20, 0, 0, 0, 100, NULL, NULL),
(1037, 28, 21, 0, 0, 0, 46, NULL, NULL),
(1038, 28, 22, 0, 0, 0, 100, NULL, NULL),
(1039, 28, 23, 0, 0, 0, 11, NULL, NULL),
(1040, 28, 24, 0, 0, 0, 100, NULL, NULL),
(1041, 28, 25, 0, 0, 0, 52, NULL, NULL),
(1042, 28, 26, 0, 0, 0, 94, NULL, NULL),
(1043, 28, 27, 0, 0, 0, 80, NULL, NULL),
(1044, 28, 28, 0, 0, 0, 91, NULL, NULL),
(1045, 28, 29, 0, 0, 0, 100, NULL, NULL),
(1046, 29, 1, 0, 0, 0, 100, NULL, NULL),
(1047, 29, 2, 0, 0, 0, 100, NULL, NULL),
(1048, 29, 3, 0, 0, 0, 100, NULL, NULL),
(1049, 29, 4, 0, 0, 0, 100, NULL, NULL),
(1050, 29, 5, 0, 0, 0, 100, NULL, NULL),
(1051, 29, 6, 0, 0, 0, 100, NULL, NULL),
(1052, 29, 7, 0, 0, 0, 18, NULL, NULL),
(1053, 29, 8, 0, 0, 0, 32, NULL, NULL),
(1054, 29, 9, 0, 0, 0, 100, NULL, NULL),
(1055, 29, 10, 0, 0, 0, 19, NULL, NULL),
(1056, 29, 11, 0, 0, 0, 100, NULL, NULL),
(1057, 29, 12, 0, 0, 0, 14, NULL, NULL),
(1058, 29, 13, 0, 0, 0, 44, NULL, NULL),
(1059, 29, 14, 0, 0, 0, 100, NULL, NULL),
(1060, 29, 15, 0, 0, 0, 100, NULL, NULL),
(1061, 29, 16, 0, 0, 0, 100, NULL, NULL),
(1062, 29, 17, 0, 0, 0, 92, NULL, NULL),
(1063, 29, 18, 0, 0, 0, 0, NULL, NULL),
(1064, 29, 19, 0, 0, 0, 97, NULL, NULL),
(1065, 29, 20, 0, 0, 0, 100, NULL, NULL),
(1066, 29, 21, 0, 0, 0, 45, NULL, NULL),
(1067, 29, 22, 0, 0, 0, 100, NULL, NULL),
(1068, 29, 23, 0, 0, 0, 100, NULL, NULL),
(1069, 29, 24, 0, 0, 0, 100, NULL, NULL),
(1070, 29, 25, 0, 0, 0, 79, NULL, NULL),
(1071, 29, 26, 0, 0, 0, 94, NULL, NULL),
(1072, 29, 27, 0, 0, 0, 100, NULL, NULL),
(1073, 29, 28, 0, 0, 0, 92, NULL, NULL),
(1074, 29, 29, 0, 0, 0, 100, NULL, NULL),
(1075, 30, 1, 0, 0, 0, 14, NULL, NULL),
(1076, 30, 2, 0, 0, 0, 100, NULL, NULL),
(1077, 30, 3, 0, 0, 0, 100, NULL, NULL),
(1078, 30, 4, 0, 0, 0, 100, NULL, NULL),
(1079, 30, 5, 0, 0, 0, 100, NULL, NULL),
(1080, 30, 6, 0, 0, 0, 100, NULL, NULL),
(1081, 30, 7, 0, 0, 0, 13, NULL, NULL),
(1082, 30, 8, 0, 0, 0, 24, NULL, NULL),
(1083, 30, 9, 0, 0, 0, 100, NULL, NULL),
(1084, 30, 10, 0, 0, 0, 0, NULL, NULL),
(1085, 30, 11, 0, 0, 0, 100, NULL, NULL),
(1086, 30, 12, 0, 0, 0, 23, NULL, NULL),
(1087, 30, 13, 0, 0, 0, 0, NULL, NULL),
(1088, 30, 14, 0, 0, 0, 77, NULL, NULL),
(1089, 30, 15, 0, 0, 0, 100, NULL, NULL),
(1090, 30, 16, 0, 0, 0, 100, NULL, NULL),
(1091, 30, 17, 0, 0, 0, 93, NULL, NULL),
(1092, 30, 18, 0, 0, 0, 0, NULL, NULL),
(1093, 30, 19, 0, 0, 0, 87, NULL, NULL),
(1094, 30, 20, 0, 0, 0, 100, NULL, NULL),
(1095, 30, 21, 0, 0, 0, 72, NULL, NULL),
(1096, 30, 22, 0, 0, 0, 100, NULL, NULL),
(1097, 30, 23, 0, 0, 0, 100, NULL, NULL),
(1098, 30, 24, 0, 0, 0, 100, NULL, NULL),
(1099, 30, 25, 0, 0, 0, 68, NULL, NULL),
(1100, 30, 26, 0, 0, 0, 96, NULL, NULL),
(1101, 30, 27, 0, 0, 0, 100, NULL, NULL),
(1102, 30, 28, 0, 0, 0, 96, NULL, NULL),
(1103, 30, 29, 0, 0, 0, 100, NULL, NULL);

-- --------------------------------------------------------

--
-- Table structure for table `users`
--

CREATE TABLE `users` (
  `id` bigint(20) UNSIGNED NOT NULL,
  `name` varchar(255) NOT NULL,
  `email` varchar(255) NOT NULL,
  `nohp` varchar(255) NOT NULL,
  `akses` enum('admin','pns') NOT NULL,
  `email_verified_at` timestamp NULL DEFAULT NULL,
  `password` varchar(255) NOT NULL,
  `remember_token` varchar(100) DEFAULT NULL,
  `created_at` timestamp NULL DEFAULT NULL,
  `updated_at` timestamp NULL DEFAULT NULL
) ENGINE=InnoDB DEFAULT CHARSET=utf8mb4 COLLATE=utf8mb4_unicode_ci;

--
-- Dumping data for table `users`
--

INSERT INTO `users` (`id`, `name`, `email`, `nohp`, `akses`, `email_verified_at`, `password`, `remember_token`, `created_at`, `updated_at`) VALUES
(1, 'admin', 'admin@gmail.com', '08553567890', 'admin', NULL, '$2y$10$FsSWBuRdORnBzh42zq4GtuRPzajSNKMcvUEJ1jpkPJ9z1XaNnqjyW', NULL, '2024-11-20 23:40:40', '2024-11-20 23:40:40'),
(2, 'inu', 'inu@gmail.com', '082271829376', 'pns', NULL, '$2y$10$fLRYTIfD3CroY.lH3JRCQ.ClGsNNmzfbkwKftn1ZIczsilhCRGnEm', 'B1y834AdJ2r6Ukk97UxrpsmvGOg9MhhRHygtfqoGalK4hzhEn8vIcJLLmrB8', '2024-11-20 23:41:51', '2025-02-16 07:48:14'),
(4, 'bella', 'bella@gmail.com', '082238459243', 'admin', NULL, '$2y$10$l295qrmv7ayUwuFqiS8A6OHC/ccJH80guHbkJ3GwnKwklqyCm.2w6', NULL, '2025-02-09 05:34:25', '2025-02-09 05:34:25'),
(5, 'sauki', 'sauki@gmail.com', '0877232823919', 'admin', NULL, '$2y$10$2fjo5uJLgbliOhWDyD5cfuCUq5SnN7npXZbVbzXsThkl3efhhXpuG', NULL, '2025-02-09 05:40:09', '2025-02-09 05:40:09');

--
-- Indexes for dumped tables
--

--
-- Indexes for table `anggaran`
--
ALTER TABLE `anggaran`
  ADD PRIMARY KEY (`id`);

--
-- Indexes for table `datakec`
--
ALTER TABLE `datakec`
  ADD PRIMARY KEY (`id`);

--
-- Indexes for table `datakecs`
--
ALTER TABLE `datakecs`
  ADD PRIMARY KEY (`id`);

--
-- Indexes for table `data_models`
--
ALTER TABLE `data_models`
  ADD PRIMARY KEY (`id`);

--
-- Indexes for table `indikators`
--
ALTER TABLE `indikators`
  ADD PRIMARY KEY (`id`);

--
-- Indexes for table `indikatorss`
--
ALTER TABLE `indikatorss`
  ADD PRIMARY KEY (`id`);

--
-- Indexes for table `kecamatans`
--
ALTER TABLE `kecamatans`
  ADD PRIMARY KEY (`id`);

--
-- Indexes for table `kelurahans`
--
ALTER TABLE `kelurahans`
  ADD PRIMARY KEY (`id`);

--
-- Indexes for table `komponen_anggarans`
--
ALTER TABLE `komponen_anggarans`
  ADD PRIMARY KEY (`id`),
  ADD KEY `komponen_anggarans_id_kegiatan_foreign` (`id_kegiatan`);

--
-- Indexes for table `migrations`
--
ALTER TABLE `migrations`
  ADD PRIMARY KEY (`id`);

--
-- Indexes for table `opds`
--
ALTER TABLE `opds`
  ADD PRIMARY KEY (`id`);

--
-- Indexes for table `password_resets`
--
ALTER TABLE `password_resets`
  ADD PRIMARY KEY (`email`);

--
-- Indexes for table `pencapaians`
--
ALTER TABLE `pencapaians`
  ADD PRIMARY KEY (`id`),
  ADD KEY `pencapaian_kelurahan_id_foreign` (`kelurahan_id`),
  ADD KEY `pencapaian_indikator_id_foreign` (`indikator_id`);

--
-- Indexes for table `users`
--
ALTER TABLE `users`
  ADD PRIMARY KEY (`id`),
  ADD UNIQUE KEY `users_email_unique` (`email`);

--
-- AUTO_INCREMENT for dumped tables
--

--
-- AUTO_INCREMENT for table `anggaran`
--
ALTER TABLE `anggaran`
  MODIFY `id` bigint(20) UNSIGNED NOT NULL AUTO_INCREMENT, AUTO_INCREMENT=25;

--
-- AUTO_INCREMENT for table `datakec`
--
ALTER TABLE `datakec`
  MODIFY `id` bigint(20) UNSIGNED NOT NULL AUTO_INCREMENT;

--
-- AUTO_INCREMENT for table `datakecs`
--
ALTER TABLE `datakecs`
  MODIFY `id` bigint(20) UNSIGNED NOT NULL AUTO_INCREMENT, AUTO_INCREMENT=1312;

--
-- AUTO_INCREMENT for table `data_models`
--
ALTER TABLE `data_models`
  MODIFY `id` int(11) NOT NULL AUTO_INCREMENT, AUTO_INCREMENT=6;

--
-- AUTO_INCREMENT for table `indikators`
--
ALTER TABLE `indikators`
  MODIFY `id` bigint(20) UNSIGNED NOT NULL AUTO_INCREMENT, AUTO_INCREMENT=59;

--
-- AUTO_INCREMENT for table `indikatorss`
--
ALTER TABLE `indikatorss`
  MODIFY `id` int(11) NOT NULL AUTO_INCREMENT;

--
-- AUTO_INCREMENT for table `kecamatans`
--
ALTER TABLE `kecamatans`
  MODIFY `id` int(11) NOT NULL AUTO_INCREMENT, AUTO_INCREMENT=31;

--
-- AUTO_INCREMENT for table `kelurahans`
--
ALTER TABLE `kelurahans`
  MODIFY `id` bigint(20) UNSIGNED NOT NULL AUTO_INCREMENT, AUTO_INCREMENT=303;

--
-- AUTO_INCREMENT for table `komponen_anggarans`
--
ALTER TABLE `komponen_anggarans`
  MODIFY `id` bigint(20) UNSIGNED NOT NULL AUTO_INCREMENT;

--
-- AUTO_INCREMENT for table `migrations`
--
ALTER TABLE `migrations`
  MODIFY `id` int(10) UNSIGNED NOT NULL AUTO_INCREMENT, AUTO_INCREMENT=21;

--
-- AUTO_INCREMENT for table `opds`
--
ALTER TABLE `opds`
  MODIFY `id` bigint(20) UNSIGNED NOT NULL AUTO_INCREMENT, AUTO_INCREMENT=22;

--
-- AUTO_INCREMENT for table `pencapaians`
--
ALTER TABLE `pencapaians`
  MODIFY `id` bigint(20) UNSIGNED NOT NULL AUTO_INCREMENT, AUTO_INCREMENT=1105;

--
-- AUTO_INCREMENT for table `users`
--
ALTER TABLE `users`
  MODIFY `id` bigint(20) UNSIGNED NOT NULL AUTO_INCREMENT, AUTO_INCREMENT=7;

--
-- Constraints for dumped tables
--

--
-- Constraints for table `pencapaians`
--
ALTER TABLE `pencapaians`
  ADD CONSTRAINT `pencapaian_indikator_id_foreign` FOREIGN KEY (`indikator_id`) REFERENCES `indikators` (`id`) ON DELETE CASCADE,
  ADD CONSTRAINT `pencapaian_kelurahan_id_foreign` FOREIGN KEY (`kelurahan_id`) REFERENCES `kelurahans` (`id`) ON DELETE CASCADE;
COMMIT;

/*!40101 SET CHARACTER_SET_CLIENT=@OLD_CHARACTER_SET_CLIENT */;
/*!40101 SET CHARACTER_SET_RESULTS=@OLD_CHARACTER_SET_RESULTS */;
/*!40101 SET COLLATION_CONNECTION=@OLD_COLLATION_CONNECTION */;
